plot_id,housing_type,status,plot_type,postal_area,plot_area_m2,property_area_class,field_month,n_trees,plot_tree_cover_pct,plot_pct_measured,survey_returned
RUF001,single_household,inventoried,whole_property,216xx,350,<500,2018-10,4,,,TRUE
RUF002,multi_household,inventoried,circular_100m2,other,100,>20000,2018-10,0,0,100,
RUF003,multi_household,inventoried,circular_100m2,other,100,1500-5000,2018-09,0,23,70,
RUF004,single_household,declined_or_no_response,whole_property,216xx,,<500,,,,,
RUF005,single_household,inventoried,whole_property,216xx,450,<500,2018-11,3,,,TRUE
RUF006,multi_household,inventoried,circular_100m2,other,100,1500-5000,2018-09,0,0,90,
RUF007,multi_household,inventoried,circular_100m2,other,100,750-1000,2018-09,0,0,100,
RUF008,multi_household,inventoried,circular_100m2,other,100,>20000,2018-10,1,23,100,
RUF009,single_household,declined_or_no_response,whole_property,213xx,,1500-5000,,,,,
RUF010,single_household,inventoried,whole_property,214xx,900,750-1000,2018-09,9,,,TRUE
RUF011,single_household,inventoried,whole_property,213xx,350,<500,2018-09,5,,,TRUE
RUF012,multi_household,inventoried,circular_100m2,other,100,1000-1500,2018-09,0,0,100,
RUF013,single_household,inventoried,whole_property,214xx,700,500-750,2018-10,7,,,TRUE
RUF014,multi_household,inventoried,circular_100m2,217xx,100,1000-1500,2018-09,1,58,50,
RUF015,single_household,inventoried,whole_property,216xx,950,750-1000,2018-09,6,,,TRUE
RUF016,multi_household,inventoried,circular_100m2,217xx,100,1500-5000,2018-09,0,0,100,
RUF017,single_household,inventoried,whole_property,218xx,450,<500,2018-10,6,,,TRUE
RUF018,multi_household,inventoried,circular_100m2,other,100,>20000,2018-09,0,0,100,
RUF019,single_household,declined_or_no_response,whole_property,218xx,,750-1000,,,,,
RUF020,multi_household,inventoried,circular_100m2,other,100,1500-5000,2018-09,3,33,100,
RUF021,multi_household,inventoried,circular_100m2,other,100,1500-5000,2018-09,0,0,100,
RUF022,single_household,inventoried,whole_property,217xx,1200,1000-1500,2018-09,1,,,TRUE
RUF023,single_household,inventoried,whole_property,215xx,800,750-1000,2018-10,27,,,TRUE
RUF024,single_household,inventoried,whole_property,216xx,650,500-750,,12,,,TRUE
RUF025,single_household,inventoried,whole_property,218xx,1950,1500-5000,2018-10,10,,,TRUE
RUF026,multi_household,inventoried,circular_100m2,other,100,5000-20000,2018-10,2,23,100,
RUF027,single_household,inventoried,whole_property,218xx,600,500-750,2018-10,6,,,TRUE
RUF028,single_household,inventoried,whole_property,217xx,950,750-1000,2018-09,1,,,TRUE
RUF029,multi_household,inventoried,circular_100m2,other,100,5000-20000,2018-10,0,23,100,
RUF030,multi_household,inventoried,circular_100m2,other,100,5000-20000,2018-09,0,0,100,
RUF031,single_household,inventoried,whole_property,216xx,700,500-750,2018-10,7,,,TRUE
RUF032,multi_household,inventoried,circular_100m2,other,100,1500-5000,2018-09,1,33,75,
RUF033,multi_household,inventoried,circular_100m2,other,100,5000-20000,2018-09,3,100,50,
RUF034,single_household,inventoried,whole_property,212xx,950,750-1000,2018-09,25,,,TRUE
RUF035,multi_household,inventoried,circular_100m2,213xx,100,5000-20000,2018-10,0,23,95,
RUF036,single_household,inventoried,whole_property,212xx,700,500-750,2018-09,2,,,TRUE
RUF037,single_household,inventoried,whole_property,212xx,700,500-750,2018-10,10,,,TRUE
RUF038,single_household,inventoried,whole_property,216xx,400,<500,2018-10,3,,,TRUE
RUF039,single_household,inventoried,whole_property,213xx,550,500-750,2018-09,19,,,TRUE
RUF040,,excluded_not_residential,,other,,5000-20000,,,,,
RUF041,single_household,inventoried,whole_property,214xx,650,500-750,2018-10,1,,,TRUE
RUF042,single_household,inventoried,whole_property,216xx,350,<500,2018-10,7,,,TRUE
RUF043,single_household,inventoried,whole_property,216xx,1100,1000-1500,2018-10,6,,,TRUE
RUF044,single_household,declined_or_no_response,whole_property,214xx,,<500,,,,,
RUF045,multi_household,inventoried,circular_100m2,other,100,750-1000,2018-09,0,0,100,
RUF046,single_household,inventoried,whole_property,212xx,400,<500,2018-09,3,,,TRUE
RUF047,multi_household,inventoried,circular_100m2,other,100,1500-5000,2018-09,0,0,100,
RUF048,multi_household,inventoried,circular_100m2,215xx,100,5000-20000,2018-10,0,0,100,
RUF049,single_household,inventoried,whole_property,212xx,450,<500,2018-10,1,,,FALSE
RUF050,multi_household,inventoried,circular_100m2,other,100,1500-5000,2018-09,0,83,80,
RUF051,multi_household,inventoried,circular_100m2,215xx,100,5000-20000,2018-10,0,0,100,
RUF052,multi_household,inventoried,circular_100m2,other,100,5000-20000,2018-09,2,23,100,
RUF053,single_household,inventoried,whole_property,213xx,1100,1000-1500,2018-09,36,,,TRUE
RUF054,single_household,declined_or_no_response,whole_property,218xx,,<500,,,,,
RUF055,single_household,inventoried,whole_property,212xx,900,750-1000,,0,,,FALSE
RUF056,single_household,inventoried,whole_property,212xx,750,500-750,2018-09,4,,,TRUE
RUF057,multi_household,inventoried,circular_100m2,other,100,1500-5000,2018-09,0,0,100,
RUF058,single_household,inventoried,whole_property,218xx,650,500-750,,0,,,FALSE
RUF059,single_household,inventoried,whole_property,other,800,750-1000,2018-09,3,,,FALSE
RUF060,single_household,declined_or_no_response,whole_property,218xx,,500-750,,,,,
RUF061,single_household,declined_or_no_response,whole_property,213xx,,750-1000,,,,,
RUF062,single_household,inventoried,whole_property,214xx,650,500-750,2018-09,20,,,TRUE
RUF063,single_household,inventoried,whole_property,212xx,650,500-750,2018-09,5,,,TRUE
RUF064,single_household,inventoried,whole_property,218xx,550,500-750,2018-10,1,,,TRUE
RUF065,multi_household,inventoried,circular_100m2,other,100,5000-20000,2018-10,1,33,100,
RUF066,multi_household,inventoried,circular_100m2,other,100,5000-20000,2018-09,0,0,100,
RUF067,multi_household,inventoried,circular_100m2,other,100,5000-20000,2018-10,0,0,100,
RUF068,multi_household,inventoried,circular_100m2,other,100,5000-20000,2018-10,0,0,100,
RUF069,single_household,inventoried,whole_property,216xx,750,500-750,2018-10,13,,,TRUE
RUF070,multi_household,inventoried,circular_100m2,other,100,5000-20000,2018-10,0,0,100,
RUF071,single_household,inventoried,whole_property,212xx,450,<500,,0,,,TRUE
RUF072,multi_household,inventoried,circular_100m2,other,100,5000-20000,2018-10,1,43,100,
RUF073,single_household,inventoried,whole_property,213xx,950,750-1000,2018-10,8,,,TRUE
RUF074,single_household,inventoried,whole_property,212xx,700,500-750,2018-09,11,,,TRUE
RUF075,single_household,inventoried,whole_property,218xx,450,<500,,0,,,TRUE
RUF076,single_household,inventoried,whole_property,213xx,350,<500,2018-09,2,,,FALSE
RUF077,multi_household,not_inventoried,circular_100m2,other,100,1500-5000,,,,,
RUF078,single_household,inventoried,whole_property,212xx,600,500-750,2018-09,4,,,TRUE
RUF079,multi_household,inventoried,circular_100m2,other,100,5000-20000,2018-09,0,0,60,
RUF080,multi_household,inventoried,circular_100m2,other,100,1500-5000,2018-09,0,0,100,
RUF081,multi_household,inventoried,circular_100m2,other,100,1500-5000,2018-09,1,28,100,
RUF082,single_household,declined_or_no_response,whole_property,212xx,,750-1000,,,,,
RUF083,multi_household,inventoried,circular_100m2,other,100,5000-20000,2018-09,3,73,100,
RUF084,multi_household,inventoried,circular_100m2,other,100,1500-5000,2018-09,1,13,100,
RUF085,multi_household,inventoried,circular_100m2,217xx,100,1500-5000,2018-09,0,0,100,
RUF086,multi_household,inventoried,circular_100m2,other,100,5000-20000,2018-09,2,78,90,
RUF087,multi_household,inventoried,circular_100m2,216xx,100,5000-20000,2018-09,0,0,100,
RUF088,multi_household,inventoried,circular_100m2,other,100,>20000,2018-09,0,0,100,
RUF089,single_household,inventoried,whole_property,212xx,350,<500,,0,,,TRUE
RUF090,single_household,declined_or_no_response,whole_property,218xx,,500-750,,,,,
RUF091,single_household,inventoried,whole_property,215xx,550,500-750,2018-10,9,,,TRUE
RUF092,single_household,inventoried,whole_property,216xx,1000,750-1000,2018-09,12,,,TRUE
RUF093,multi_household,inventoried,circular_100m2,other,100,1500-5000,2018-09,0,0,100,
RUF094,single_household,inventoried,whole_property,212xx,600,500-750,2018-10,2,,,FALSE
RUF095,multi_household,inventoried,circular_100m2,215xx,100,5000-20000,2018-10,0,18,100,
RUF096,single_household,inventoried,whole_property,216xx,700,500-750,2018-10,4,,,TRUE
RUF097,single_household,inventoried,whole_property,218xx,1150,1000-1500,2018-10,11,,,TRUE
RUF098,multi_household,inventoried,circular_100m2,other,100,1500-5000,2018-09,0,0,100,
RUF099,multi_household,inventoried,circular_100m2,218xx,100,1500-5000,2018-10,0,0,100,
RUF100,multi_household,inventoried,circular_100m2,other,100,>20000,2018-10,2,43,100,
RUF101,single_household,inventoried,whole_property,212xx,950,750-1000,2018-10,5,,,FALSE
RUF102,multi_household,inventoried,circular_100m2,other,100,5000-20000,2018-09,2,73,100,
RUF103,single_household,inventoried,whole_property,217xx,1000,750-1000,2018-10,14,,,TRUE
RUF104,single_household,inventoried,whole_property,212xx,800,750-1000,2018-09,9,,,TRUE
RUF105,single_household,inventoried,whole_property,215xx,400,<500,2018-10,2,,,TRUE
RUF106,multi_household,inventoried,circular_100m2,other,100,5000-20000,2018-09,2,33,60,
RUF107,multi_household,inventoried,circular_100m2,other,100,1500-5000,2018-09,1,23,100,
RUF108,multi_household,inventoried,circular_100m2,other,100,5000-20000,2018-09,1,53,100,
RUF109,multi_household,inventoried,circular_100m2,other,100,5000-20000,2018-10,0,0,100,
RUF110,multi_household,inventoried,circular_100m2,other,100,1500-5000,2018-09,0,0,100,
RUF111,single_household,inventoried,whole_property,217xx,800,750-1000,2018-09,19,,,TRUE
RUF112,multi_household,inventoried,circular_100m2,other,100,>20000,2018-09,0,0,95,
RUF113,single_household,declined_or_no_response,whole_property,215xx,,500-750,,,,,
RUF114,multi_household,inventoried,circular_100m2,other,100,5000-20000,2018-10,9,100,100,
RUF115,single_household,inventoried,whole_property,214xx,550,500-750,2018-09,8,,,TRUE
RUF116,single_household,inventoried,whole_property,216xx,350,<500,2018-09,6,,,TRUE
RUF117,single_household,inventoried,whole_property,212xx,600,500-750,2018-09,2,,,TRUE
RUF118,single_household,inventoried,whole_property,212xx,300,<500,,0,,,TRUE
RUF119,single_household,inventoried,whole_property,212xx,350,<500,2018-09,9,,,TRUE
RUF120,single_household,inventoried,whole_property,216xx,500,<500,,0,,,FALSE
RUF121,single_household,declined_or_no_response,whole_property,212xx,,500-750,,,,,
RUF122,multi_household,inventoried,circular_100m2,other,100,500-750,2018-09,0,0,100,
RUF123,single_household,inventoried,whole_property,216xx,1650,1500-5000,2018-10,34,,,TRUE
RUF124,single_household,inventoried,whole_property,212xx,700,500-750,2018-10,5,,,TRUE
RUF125,single_household,inventoried,whole_property,212xx,750,750-1000,2018-09,2,,,FALSE
RUF126,multi_household,inventoried,circular_100m2,other,100,1500-5000,2018-09,0,0,100,
RUF127,multi_household,inventoried,circular_100m2,other,100,750-1000,2018-09,0,0,100,
RUF128,single_household,inventoried,whole_property,218xx,950,750-1000,2018-10,7,,,TRUE
RUF129,single_household,inventoried,whole_property,216xx,750,750-1000,2018-09,7,,,TRUE
RUF130,single_household,inventoried,whole_property,212xx,700,500-750,2018-10,10,,,TRUE
RUF131,single_household,inventoried,whole_property,212xx,350,<500,2018-10,6,,,TRUE
RUF132,single_household,inventoried,whole_property,216xx,1450,1000-1500,2018-09,27,,,TRUE
RUF133,multi_household,inventoried,circular_100m2,other,100,5000-20000,2018-10,0,0,100,
RUF134,single_household,inventoried,whole_property,216xx,500,<500,2018-10,5,,,TRUE
RUF135,single_household,inventoried,whole_property,218xx,700,500-750,2018-10,1,,,TRUE
RUF136,multi_household,inventoried,circular_100m2,other,100,5000-20000,2018-10,4,53,100,
RUF137,single_household,inventoried,whole_property,216xx,450,<500,2018-11,4,,,TRUE
RUF138,single_household,declined_or_no_response,whole_property,218xx,,500-750,,,,,
RUF139,single_household,declined_or_no_response,whole_property,212xx,,750-1000,,,,,
RUF140,single_household,inventoried,whole_property,212xx,600,500-750,2018-09,15,,,TRUE
RUF141,multi_household,inventoried,circular_100m2,218xx,100,5000-20000,2018-09,0,0,100,
RUF142,single_household,inventoried,whole_property,216xx,500,500-750,,0,,,TRUE
RUF143,single_household,inventoried,whole_property,212xx,1150,1000-1500,2018-10,10,,,TRUE
RUF144,single_household,inventoried,whole_property,212xx,450,<500,2018-09,1,,,TRUE
RUF145,multi_household,inventoried,circular_100m2,other,100,5000-20000,2018-10,0,8,100,
RUF146,single_household,inventoried,whole_property,216xx,1150,1000-1500,,0,,,FALSE
RUF147,single_household,declined_or_no_response,whole_property,212xx,,<500,,,,,
RUF148,multi_household,inventoried,circular_100m2,215xx,100,5000-20000,2018-10,0,23,100,
RUF149,multi_household,inventoried,circular_100m2,other,100,>20000,2018-10,4,100,100,
RUF150,single_household,inventoried,whole_property,216xx,200,<500,2018-10,3,,,TRUE
RUF151,single_household,inventoried,whole_property,218xx,550,500-750,2018-10,5,,,TRUE
RUF152,single_household,inventoried,whole_property,212xx,1000,1000-1500,2018-09,6,,,TRUE
RUF153,single_household,inventoried,whole_property,216xx,1300,1000-1500,2018-09,9,,,FALSE
RUF154,single_household,inventoried,whole_property,213xx,2100,1500-5000,2018-10,27,,,TRUE
RUF155,single_household,inventoried,whole_property,215xx,700,500-750,2018-10,11,,,TRUE
RUF156,multi_household,inventoried,circular_100m2,other,100,750-1000,2018-09,0,0,100,
RUF157,multi_household,inventoried,circular_100m2,other,100,1500-5000,2018-09,0,0,100,
RUF158,single_household,inventoried,whole_property,213xx,800,750-1000,2018-09,12,,,TRUE
RUF159,single_household,declined_or_no_response,whole_property,216xx,,750-1000,,,,,
RUF160,single_household,inventoried,whole_property,216xx,950,750-1000,2018-09,1,,,TRUE
RUF161,single_household,inventoried,whole_property,218xx,750,500-750,2018-10,4,,,TRUE
RUF162,single_household,inventoried,whole_property,217xx,750,750-1000,2018-09,8,,,TRUE
RUF163,single_household,inventoried,whole_property,218xx,400,<500,,0,,,TRUE
RUF164,single_household,declined_or_no_response,whole_property,212xx,,500-750,,,,,
RUF165,multi_household,inventoried,circular_100m2,other,100,>20000,2018-10,0,0,100,
RUF166,single_household,declined_or_no_response,whole_property,216xx,,500-750,,,,,
RUF167,multi_household,inventoried,circular_100m2,215xx,100,5000-20000,2018-10,0,0,100,
RUF168,multi_household,inventoried,circular_100m2,other,100,5000-20000,2018-09,0,0,100,
RUF169,single_household,inventoried,whole_property,216xx,400,<500,2018-10,8,,,TRUE
RUF170,single_household,declined_or_no_response,whole_property,216xx,,500-750,,,,,
RUF171,single_household,inventoried,whole_property,218xx,1450,1000-1500,2018-10,14,,,TRUE
RUF172,single_household,declined_or_no_response,whole_property,212xx,,750-1000,,,,,
RUF173,single_household,declined_or_no_response,whole_property,216xx,,750-1000,,,,,
RUF174,single_household,inventoried,whole_property,216xx,500,500-750,2018-10,11,,,TRUE
RUF175,single_household,inventoried,whole_property,218xx,300,<500,2018-10,1,,,TRUE
RUF176,multi_household,not_inventoried,circular_100m2,other,100,5000-20000,,,,,
RUF177,multi_household,inventoried,circular_100m2,215xx,100,5000-20000,2018-10,0,0,100,
RUF178,single_household,inventoried,whole_property,212xx,650,500-750,2018-10,2,,,FALSE
RUF179,multi_household,inventoried,circular_100m2,other,100,5000-20000,2018-10,1,33,100,
RUF180,multi_household,inventoried,circular_100m2,other,100,1000-1500,2018-09,3,53,100,
RUF181,single_household,inventoried,whole_property,215xx,850,750-1000,2018-10,3,,,TRUE
RUF182,single_household,inventoried,whole_property,217xx,1950,1500-5000,2018-09,23,,,TRUE
RUF183,single_household,inventoried,whole_property,217xx,800,750-1000,2018-09,2,,,TRUE
RUF184,single_household,inventoried,whole_property,218xx,400,<500,,0,,,FALSE
RUF185,single_household,inventoried,whole_property,212xx,400,<500,2018-09,1,,,FALSE
RUF186,multi_household,inventoried,circular_100m2,other,100,5000-20000,2018-09,0,23,100,
RUF187,single_household,inventoried,whole_property,218xx,550,500-750,2018-10,4,,,TRUE
RUF188,single_household,inventoried,whole_property,216xx,600,500-750,2018-10,6,,,TRUE
RUF189,multi_household,inventoried,circular_100m2,other,100,750-1000,2018-09,0,0,100,
RUF190,multi_household,inventoried,circular_100m2,other,100,5000-20000,2018-10,0,0,100,
RUF191,single_household,inventoried,whole_property,215xx,1000,1000-1500,2018-10,14,,,TRUE
RUF192,multi_household,inventoried,circular_100m2,218xx,100,5000-20000,2018-10,1,13,100,
RUF193,multi_household,inventoried,circular_100m2,other,100,5000-20000,2018-09,0,0,100,
RUF194,single_household,inventoried,whole_property,212xx,650,500-750,2018-10,3,,,TRUE
RUF195,single_household,inventoried,whole_property,212xx,750,750-1000,2018-09,17,,,FALSE
RUF196,multi_household,inventoried,circular_100m2,other,100,>20000,2018-10,0,8,100,
RUF197,single_household,inventoried,whole_property,213xx,1000,750-1000,2018-09,13,,,TRUE
RUF198,single_household,inventoried,whole_property,214xx,800,750-1000,2018-09,7,,,TRUE
RUF199,single_household,inventoried,whole_property,216xx,950,750-1000,2018-09,18,,,TRUE
RUF200,single_household,inventoried,whole_property,212xx,700,500-750,2018-09,6,,,FALSE
RUF201,single_household,inventoried,whole_property,216xx,850,750-1000,2018-09,16,,,TRUE
RUF202,multi_household,inventoried,circular_100m2,other,100,750-1000,2018-09,0,0,100,
RUF203,single_household,declined_or_no_response,whole_property,215xx,,750-1000,,,,,
RUF204,single_household,declined_or_no_response,whole_property,214xx,,500-750,,,,,
RUF205,multi_household,inventoried,circular_100m2,other,100,5000-20000,2018-09,0,8,100,
RUF206,single_household,inventoried,whole_property,216xx,350,<500,2018-10,7,,,TRUE
RUF207,multi_household,inventoried,circular_100m2,other,100,500-750,2018-09,0,0,100,
RUF208,single_household,inventoried,whole_property,218xx,1000,1000-1500,,0,,,TRUE
RUF209,multi_household,inventoried,circular_100m2,other,100,>20000,2018-09,0,0,100,
RUF210,single_household,inventoried,whole_property,212xx,900,750-1000,2018-10,18,,,TRUE
RUF211,single_household,inventoried,whole_property,212xx,950,750-1000,2018-10,6,,,TRUE
RUF212,multi_household,inventoried,circular_100m2,other,100,1500-5000,2018-09,0,0,50,
RUF213,multi_household,inventoried,circular_100m2,other,100,1500-5000,2018-09,0,0,100,
RUF214,multi_household,inventoried,circular_100m2,other,100,5000-20000,2018-09,0,0,100,
RUF215,single_household,inventoried,whole_property,216xx,950,750-1000,2018-10,7,,,TRUE
RUF216,multi_household,inventoried,circular_100m2,other,100,1500-5000,2018-10,1,23,100,
RUF217,single_household,inventoried,whole_property,216xx,600,500-750,2018-10,13,,,TRUE
RUF218,single_household,inventoried,whole_property,216xx,750,750-1000,2018-09,10,,,TRUE
RUF219,single_household,inventoried,whole_property,216xx,250,<500,2018-10,4,,,TRUE
RUF220,multi_household,inventoried,circular_100m2,other,100,5000-20000,2018-09,1,23,100,
RUF221,single_household,inventoried,whole_property,215xx,1150,1000-1500,2018-10,35,,,TRUE
RUF222,multi_household,inventoried,circular_100m2,216xx,100,500-750,2018-09,0,0,100,
RUF223,single_household,inventoried,whole_property,212xx,1000,1000-1500,2018-10,19,,,TRUE
RUF224,single_household,inventoried,whole_property,214xx,650,500-750,2018-09,2,,,TRUE
RUF225,single_household,declined_or_no_response,whole_property,215xx,,750-1000,,,,,
RUF226,multi_household,inventoried,circular_100m2,other,100,5000-20000,2018-09,1,23,100,
