itree_code,taxon,lookup_source,verify,genus
ACCA,Acer campestre,majority name in full inventory,FALSE,Acer
ACDE6,Actinidia deliciosa,majority name in full inventory,FALSE,Actinidia
ACPL,Acer platanoides,majority name in full inventory,FALSE,Acer
ACPS,Acer pseudoplatanus,majority name in full inventory,FALSE,Acer
ACTA,Acer tataricum,manual interpretation of i-Tree code,TRUE,Acer
AEHI,Aesculus hippocastanum,majority name in full inventory,FALSE,Aesculus
AL,Alnus sp.,manual interpretation of i-Tree code,TRUE,Alnus
AREL8,Aralia elata,majority name in full inventory,FALSE,Aralia
BEPE,Betula pendula,majority name in full inventory,FALSE,Betula
CAAR,Caragana arborescens,majority name in full inventory,FALSE,Caragana
CABE,Carpinus betulus,majority name in full inventory,FALSE,Carpinus
CEAT,Cedrus atlantica,majority name in full inventory,FALSE,Cedrus
CEJA,Cercidiphyllum japonicum,majority name in full inventory,FALSE,Cercidiphyllum
CESI2,Cercis siliquastrum,majority name in full inventory,FALSE,Cercis
CHLA2,Chamaecyparis lawsoniana,majority name in full inventory,FALSE,Chamaecyparis
CHNO,Cupressus nootkatensis,majority name in full inventory,FALSE,Cupressus
COAV,Corylus avellana,majority name in full inventory,FALSE,Corylus
COCO1,Cotinus coggygria,majority name in full inventory,FALSE,Cotinus
COMA,Cornus mas,manual interpretation of i-Tree code,TRUE,Cornus
COSA81,Cornus sanguinea,majority name in full inventory,FALSE,Cornus
CRLA80,Crataegus laevigata,majority name in full inventory,FALSE,Crataegus
CROX,Crataegus monogyna,majority name in full inventory,FALSE,Crataegus
EUEU,Euonymus europaeus,majority name in full inventory,FALSE,Euonymus
FASY,Fagus sylvatica,majority name in full inventory,FALSE,Fagus
FICA,Ficus carica,majority name in full inventory,FALSE,Ficus
FOIN3,Forsythia × intermedia,majority name in full inventory,FALSE,Forsythia
FREX,Fraxinus excelsior,majority name in full inventory,FALSE,Fraxinus
FREX1,Fraxinus excelsior,manual interpretation of i-Tree code,TRUE,Fraxinus
GLTR,Gleditsia triacanthos,majority name in full inventory,FALSE,Gleditsia
ILAQ,Ilex aquifolium,majority name in full inventory,FALSE,Ilex
JU,Juniperus sp.,majority name in full inventory,FALSE,Juniperus
JUCH,Juniperus chinensis,majority name in full inventory,FALSE,Juniperus
JUCO1,Juniperus communis,majority name in full inventory,FALSE,Juniperus
JURE,Juglans regia,majority name in full inventory,FALSE,Juglans
LA2,Laburnum sp.,majority name in full inventory,FALSE,Laburnum
LAAN2,Laburnum anagyroides,majority name in full inventory,FALSE,Laburnum
LADE,Larix decidua,majority name in full inventory,FALSE,Larix
LIVU,Ligustrum vulgare,majority name in full inventory,FALSE,Ligustrum
MA2,Malus sp.,majority name in full inventory,FALSE,Malus
MADO,Malus domestica,majority name in full inventory,FALSE,Malus
MAKO,Magnolia kobus,majority name in full inventory,FALSE,Magnolia
MASO,Magnolia × soulangeana,majority name in full inventory,FALSE,Magnolia
MOAL,Morus alba,majority name in full inventory,FALSE,Morus
PIAB,Picea abies,majority name in full inventory,FALSE,Picea
PIGL1,Picea glauca,majority name in full inventory,FALSE,Picea
PINI,Pinus nigra,majority name in full inventory,FALSE,Pinus
PIOM,Picea omorika,majority name in full inventory,FALSE,Picea
PIPU,Picea pungens,majority name in full inventory,FALSE,Picea
PISY,Pinus sylvestris,majority name in full inventory,FALSE,Pinus
PRAV,Prunus avium,majority name in full inventory,FALSE,Prunus
PRCE,Prunus cerasifera,majority name in full inventory,FALSE,Prunus
PRCE2,Prunus cerasifera,majority name in full inventory,FALSE,Prunus
PRDO,Prunus domestica,majority name in full inventory,FALSE,Prunus
PRLA,Prunus laurocerasus,majority name in full inventory,FALSE,Prunus
PRMA,Prunus maackii,manual interpretation of i-Tree code,TRUE,Prunus
PRPA,Prunus padus,majority name in full inventory,FALSE,Prunus
PRPE2,Prunus persica,majority name in full inventory,FALSE,Prunus
PRSE2,Prunus sp.,majority name in full inventory,FALSE,Prunus
PTFR,Pterocarya fraxinifolia,manual interpretation of i-Tree code,TRUE,Pterocarya
PYCO,Pyrus communis,majority name in full inventory,FALSE,Pyrus
PYSA,Pyrus salicifolia,majority name in full inventory,FALSE,Pyrus
RHSP,Rhus typhina,majority name in full inventory,FALSE,Rhus
ROPS,Robinia pseudoacacia,majority name in full inventory,FALSE,Robinia
SAAL4,Salix alba,majority name in full inventory,FALSE,Salix
SABA,Salix × sepulcralis,majority name in full inventory,FALSE,Salix
SACA4,Salix caprea,majority name in full inventory,FALSE,Salix
SANI4,Sambucus nigra,majority name in full inventory,FALSE,Sambucus
SEGI,Sequoiadendron giganteum,majority name in full inventory,FALSE,Sequoiadendron
SO,Sorbus sp.,majority name in full inventory,FALSE,Sorbus
SOAR,Sorbus aria,manual interpretation of i-Tree code,TRUE,Sorbus
SOAU,Sorbus aucuparia,majority name in full inventory,FALSE,Sorbus
SOCO,Sorbus commixta,majority name in full inventory,FALSE,Sorbus
SOIN,Sorbus intermedia,majority name in full inventory,FALSE,Sorbus
SYRE,Syringa reticulata,majority name in full inventory,FALSE,Syringa
SYVU,Syringa vulgaris,majority name in full inventory,FALSE,Syringa
TA2,Tamarix sp.,majority name in full inventory,FALSE,Tamarix
TABA,Taxus baccata,majority name in full inventory,FALSE,Taxus
TH9,Thuja sp.,majority name in full inventory,FALSE,Thuja
THOC,Thuja occidentalis,majority name in full inventory,FALSE,Thuja
THPL,Thuja plicata,majority name in full inventory,FALSE,Thuja
TICO,Tilia cordata,majority name in full inventory,FALSE,Tilia
TIEU1,Tilia × europaea,manual interpretation of i-Tree code,TRUE,Tilia
TIPL,Tilia platyphyllos,majority name in full inventory,FALSE,Tilia
ULGL,Ulmus glabra,majority name in full inventory,FALSE,Ulmus
VILA,Viburnum lantana,majority name in full inventory,FALSE,Viburnum
VIOP,Viburnum opulus,majority name in full inventory,FALSE,Viburnum
VIRH,Viburnum rhytidophyllum,majority name in full inventory,FALSE,Viburnum
VISP2,Viburnum sp.,majority name in full inventory,FALSE,Viburnum
WISI,Wisteria sinensis,majority name in full inventory,FALSE,Wisteria
