tree_id,stem_no,dbh_cm
RUF001_T001,1,15.6
RUF001_T002,1,68.5
RUF001_T003,1,14.6
RUF001_T004,1,11.5
RUF001_T004,2,13
RUF001_T004,3,11.6
RUF001_T004,4,10.4
RUF005_T001,1,18
RUF005_T002,1,25.5
RUF005_T003,1,7
RUF008_T001,1,11.9
RUF010_T001,1,15
RUF010_T002,1,26
RUF010_T003,1,27
RUF010_T003,2,17
RUF010_T003,3,12
RUF010_T004,1,26
RUF010_T005,1,13
RUF010_T006,1,16
RUF010_T006,2,13
RUF010_T006,3,14
RUF010_T007,1,9
RUF010_T007,2,10
RUF010_T008,1,9
RUF010_T008,2,11
RUF010_T008,3,9
RUF010_T008,4,8
RUF010_T009,1,11
RUF010_T009,2,5
RUF010_T009,3,7
RUF011_T001,1,14
RUF011_T002,1,14
RUF011_T003,1,19
RUF011_T004,1,19
RUF011_T005,1,21
RUF011_T005,2,19
RUF013_T001,1,27.3
RUF013_T002,1,10
RUF013_T003,1,11.9
RUF013_T003,2,8.4
RUF013_T003,3,6.9
RUF013_T003,4,5.9
RUF013_T004,1,14.3
RUF013_T004,2,16
RUF013_T005,1,5.7
RUF013_T006,1,7.6
RUF013_T006,2,7.2
RUF013_T007,1,10.3
RUF014_T001,1,55
RUF015_T001,1,12
RUF015_T001,2,6.4
RUF015_T001,3,11.2
RUF015_T001,4,6.4
RUF015_T002,1,12
RUF015_T002,2,16.4
RUF015_T003,1,6.9
RUF015_T004,1,45.6
RUF015_T005,1,35.1
RUF015_T006,1,43.6
RUF017_T001,1,10.6
RUF017_T002,1,11.2
RUF017_T003,1,17.1
RUF017_T004,1,25.1
RUF017_T005,1,30
RUF017_T006,1,14.8
RUF020_T001,1,6.3
RUF020_T002,1,8.2
RUF020_T003,1,6.2
RUF022_T001,1,11
RUF023_T001,1,26.7
RUF023_T002,1,14.8
RUF023_T003,1,8.5
RUF023_T004,1,26
RUF023_T005,1,6.2
RUF023_T005,2,8.8
RUF023_T005,3,10.4
RUF023_T005,4,7.8
RUF023_T005,5,6.3
RUF023_T006,1,10.7
RUF023_T006,2,9.3
RUF023_T006,3,10.4
RUF023_T006,4,8.7
RUF023_T006,5,6.3
RUF023_T007,1,9.3
RUF023_T008,1,10.4
RUF023_T008,2,6.7
RUF023_T009,1,8.9
RUF023_T010,1,18.6
RUF023_T010,2,21.2
RUF023_T011,1,36.5
RUF023_T012,1,5.4
RUF023_T012,2,5.4
RUF023_T013,1,6.6
RUF023_T014,1,5.5
RUF023_T014,2,6.2
RUF023_T015,1,6.2
RUF023_T015,2,6.2
RUF023_T016,1,5
RUF023_T016,2,5.9
RUF023_T016,3,5.1
RUF023_T017,1,6.4
RUF023_T018,1,10.2
RUF023_T018,2,7.8
RUF023_T019,1,15.4
RUF023_T020,1,7.6
RUF023_T020,2,5.4
RUF023_T021,1,5.3
RUF023_T022,1,5.2
RUF023_T023,1,14.4
RUF023_T024,1,7.4
RUF023_T024,2,8.8
RUF023_T024,3,6.8
RUF023_T025,1,6.8
RUF023_T026,1,5
RUF023_T027,1,5.5
RUF024_T001,1,15
RUF024_T002,1,18
RUF024_T003,1,13
RUF024_T004,1,12
RUF024_T005,1,6
RUF024_T006,1,7
RUF024_T007,1,11
RUF024_T008,1,5
RUF024_T009,1,8
RUF024_T010,1,15
RUF024_T011,1,11
RUF024_T012,1,7
RUF025_T001,1,22.8
RUF025_T002,1,23.3
RUF025_T003,1,48.5
RUF025_T004,1,10.6
RUF025_T005,1,6.5
RUF025_T005,2,6.8
RUF025_T005,3,5.5
RUF025_T005,4,6.5
RUF025_T006,1,5.4
RUF025_T007,1,11.8
RUF025_T007,2,15.3
RUF025_T007,3,11.3
RUF025_T007,4,17.7
RUF025_T008,1,14.8
RUF025_T009,1,38.6
RUF025_T010,1,6.2
RUF025_T010,2,5.6
RUF026_T001,1,25.5
RUF026_T002,1,20.4
RUF026_T002,2,7.5
RUF026_T002,3,5
RUF027_T001,1,21
RUF027_T001,2,30
RUF027_T002,1,29.9
RUF027_T003,1,13.3
RUF027_T004,1,37.2
RUF027_T004,2,33.8
RUF027_T004,3,26.6
RUF027_T005,1,18.9
RUF027_T005,2,10.3
RUF027_T005,3,22
RUF027_T006,1,16.6
RUF028_T001,1,15.8
RUF028_T001,2,18
RUF028_T001,3,17.5
RUF031_T001,1,15
RUF031_T001,2,15
RUF031_T001,3,18
RUF031_T001,4,21
RUF031_T001,5,23
RUF031_T002,1,9
RUF031_T003,1,58.8
RUF031_T004,1,15.1
RUF031_T005,1,11.3
RUF031_T005,2,19.8
RUF031_T006,1,15
RUF031_T006,2,19.7
RUF031_T007,1,12.5
RUF032_T001,1,26.6
RUF032_T001,2,31.4
RUF033_T001,1,24.4
RUF033_T002,1,29.4
RUF033_T003,1,29.5
RUF034_T001,1,8.8
RUF034_T002,1,7.8
RUF034_T003,1,5.4
RUF034_T003,2,5
RUF034_T004,1,7
RUF034_T004,2,9.5
RUF034_T004,3,10.3
RUF034_T005,1,36
RUF034_T006,1,28.6
RUF034_T006,2,27.8
RUF034_T007,1,16.2
RUF034_T007,2,9.5
RUF034_T007,3,11.9
RUF034_T007,4,9.2
RUF034_T007,5,9.8
RUF034_T008,1,23.2
RUF034_T009,1,10.8
RUF034_T010,1,6.2
RUF034_T010,2,7.9
RUF034_T010,3,7.8
RUF034_T010,4,5.4
RUF034_T011,1,11.6
RUF034_T011,2,7.4
RUF034_T012,1,7.5
RUF034_T013,1,11.3
RUF034_T013,2,10.9
RUF034_T014,1,23.8
RUF034_T015,1,23.2
RUF034_T016,1,13.9
RUF034_T017,1,7.1
RUF034_T017,2,5.1
RUF034_T017,3,5.1
RUF034_T018,1,5.2
RUF034_T019,1,5.6
RUF034_T020,1,14.4
RUF034_T020,2,22.4
RUF034_T020,3,14.1
RUF034_T021,1,18.6
RUF034_T021,2,20.8
RUF034_T021,3,14
RUF034_T022,1,7.6
RUF034_T022,2,6.2
RUF034_T022,3,8.9
RUF034_T022,4,6.2
RUF034_T023,1,5.2
RUF034_T023,2,6.6
RUF034_T023,3,5.2
RUF034_T024,1,7
RUF034_T025,1,5
RUF036_T001,1,5.9
RUF036_T001,2,6.5
RUF036_T002,1,10.9
RUF037_T001,1,8.5
RUF037_T001,2,15.2
RUF037_T002,1,26.8
RUF037_T002,2,21.3
RUF037_T002,3,15.8
RUF037_T003,1,27.7
RUF037_T003,2,20.9
RUF037_T004,1,11.8
RUF037_T005,1,10.4
RUF037_T006,1,14.5
RUF037_T007,1,9.8
RUF037_T008,1,10.4
RUF037_T008,2,10.2
RUF037_T009,1,6.1
RUF037_T009,2,5.2
RUF037_T010,1,9.9
RUF037_T010,2,5.9
RUF037_T010,3,9
RUF037_T010,4,9.5
RUF038_T001,1,10.2
RUF038_T002,1,11.7
RUF038_T002,2,9
RUF038_T002,3,7.5
RUF038_T003,1,32.8
RUF039_T001,1,23
RUF039_T002,1,23
RUF039_T002,2,24
RUF039_T003,1,12
RUF039_T003,2,16
RUF039_T003,3,13
RUF039_T004,1,39
RUF039_T004,2,32
RUF039_T005,1,15
RUF039_T005,2,8
RUF039_T006,1,15
RUF039_T006,2,6
RUF039_T007,1,15
RUF039_T007,2,5
RUF039_T008,1,13
RUF039_T008,2,13
RUF039_T009,1,9
RUF039_T009,2,8
RUF039_T010,1,10
RUF039_T011,1,8
RUF039_T011,2,7
RUF039_T011,3,6
RUF039_T011,4,7
RUF039_T011,5,8
RUF039_T012,1,6
RUF039_T012,2,5
RUF039_T013,1,9
RUF039_T014,1,6
RUF039_T014,2,5
RUF039_T014,3,7
RUF039_T015,1,9
RUF039_T015,2,11
RUF039_T016,1,10
RUF039_T017,1,33
RUF039_T018,1,26
RUF039_T019,1,16
RUF041_T001,1,9
RUF041_T001,2,8
RUF042_T001,1,11
RUF042_T001,2,10
RUF042_T001,3,10
RUF042_T002,1,9
RUF042_T003,1,8
RUF042_T004,1,47
RUF042_T005,1,5
RUF042_T006,1,14
RUF042_T007,1,23
RUF043_T001,1,7.1
RUF043_T001,2,8.1
RUF043_T001,3,5.3
RUF043_T002,1,12.2
RUF043_T003,1,27.3
RUF043_T004,1,25.5
RUF043_T005,1,23.2
RUF043_T006,1,32.1
RUF046_T001,1,5.1
RUF046_T002,1,6.2
RUF046_T003,1,13
RUF049_T001,1,13.5
RUF052_T001,1,14.2
RUF052_T002,1,18.5
RUF052_T002,2,15.7
RUF052_T002,3,11.4
RUF052_T002,4,13.8
RUF053_T001,1,20
RUF053_T001,2,17
RUF053_T001,3,24
RUF053_T002,1,8
RUF053_T002,2,10
RUF053_T002,3,8
RUF053_T002,4,6
RUF053_T002,5,6
RUF053_T003,1,91
RUF053_T004,1,87
RUF053_T005,1,24
RUF053_T005,2,19
RUF053_T006,1,7
RUF053_T007,1,9
RUF053_T008,1,25
RUF053_T009,1,10
RUF053_T010,1,7
RUF053_T011,1,8
RUF053_T012,1,5.6
RUF053_T013,1,5.5
RUF053_T014,1,5.1
RUF053_T015,1,5.9
RUF053_T016,1,5.3
RUF053_T017,1,12.4
RUF053_T018,1,6.8
RUF053_T019,1,5.4
RUF053_T020,1,12
RUF053_T021,1,5.2
RUF053_T022,1,5.4
RUF053_T023,1,5.8
RUF053_T024,1,8.5
RUF053_T025,1,6.4
RUF053_T026,1,8.2
RUF053_T027,1,8.3
RUF053_T028,1,9.9
RUF053_T029,1,6.5
RUF053_T030,1,7.8
RUF053_T031,1,8.1
RUF053_T031,2,5
RUF053_T032,1,5.9
RUF053_T033,1,5
RUF053_T034,1,5
RUF053_T035,1,11.2
RUF053_T036,1,8.9
RUF056_T001,1,10.1
RUF056_T001,2,8.5
RUF056_T001,3,6.1
RUF056_T001,4,5.8
RUF056_T002,1,6.5
RUF056_T002,2,6.2
RUF056_T002,3,7.7
RUF056_T003,1,13.8
RUF056_T004,1,12
RUF056_T004,2,11.3
RUF056_T004,3,8.7
RUF059_T001,1,18
RUF059_T001,2,14
RUF059_T001,3,13
RUF059_T002,1,5
RUF059_T002,2,5
RUF059_T002,3,6
RUF059_T003,1,5
RUF062_T001,1,26
RUF062_T002,1,68
RUF062_T003,1,16
RUF062_T004,1,23
RUF062_T005,1,17
RUF062_T006,1,13
RUF062_T007,1,10
RUF062_T008,1,40
RUF062_T009,1,15
RUF062_T009,2,13
RUF062_T010,1,19
RUF062_T010,2,20
RUF062_T010,3,15
RUF062_T011,1,13
RUF062_T012,1,62
RUF062_T013,1,26
RUF062_T014,1,14
RUF062_T015,1,5
RUF062_T016,1,10
RUF062_T016,2,7
RUF062_T016,3,8
RUF062_T016,4,5
RUF062_T017,1,29
RUF062_T018,1,11
RUF062_T018,2,9
RUF062_T018,3,10
RUF062_T018,4,8
RUF062_T019,1,40
RUF062_T020,1,48
RUF063_T001,1,11
RUF063_T002,1,7.8
RUF063_T002,2,6
RUF063_T002,3,7.8
RUF063_T003,1,11.5
RUF063_T003,2,10.2
RUF063_T003,3,7.8
RUF063_T003,4,6.2
RUF063_T003,5,6.6
RUF063_T004,1,9.5
RUF063_T004,2,13.1
RUF063_T004,3,10
RUF063_T004,4,6.5
RUF063_T004,5,5.5
RUF063_T005,1,10.2
RUF064_T001,1,22.5
RUF064_T001,2,20.5
RUF065_T001,1,45.4
RUF069_T001,1,53
RUF069_T002,1,9
RUF069_T002,2,8
RUF069_T002,3,9
RUF069_T003,1,7
RUF069_T004,1,11
RUF069_T005,1,8
RUF069_T005,2,6
RUF069_T005,3,7
RUF069_T005,4,10
RUF069_T005,5,9
RUF069_T006,1,13
RUF069_T006,2,9
RUF069_T006,3,11
RUF069_T007,1,7
RUF069_T008,1,13
RUF069_T009,1,10
RUF069_T010,1,5
RUF069_T011,1,8
RUF069_T011,2,10
RUF069_T011,3,12
RUF069_T011,4,6
RUF069_T011,5,8
RUF069_T012,1,15.8
RUF069_T012,2,10.3
RUF069_T012,3,10.2
RUF069_T012,4,17.8
RUF069_T012,5,4.9
RUF069_T013,1,8.4
RUF069_T013,2,7.2
RUF069_T013,3,5.2
RUF072_T001,1,6.8
RUF072_T001,2,4.7
RUF072_T001,3,5.3
RUF072_T001,4,5.6
RUF073_T001,1,6
RUF073_T002,1,53.2
RUF073_T003,1,42
RUF073_T004,1,20.8
RUF073_T005,1,7.2
RUF073_T005,2,6.6
RUF073_T006,1,46.1
RUF073_T007,1,8.9
RUF073_T007,2,9.2
RUF073_T008,1,7.2
RUF073_T008,2,6.2
RUF073_T008,3,9.5
RUF073_T008,4,6
RUF073_T008,5,5.7
RUF074_T001,1,11.8
RUF074_T001,2,10.3
RUF074_T002,1,9
RUF074_T003,1,7.4
RUF074_T004,1,9.1
RUF074_T004,2,6.8
RUF074_T004,3,8.1
RUF074_T004,4,5.1
RUF074_T004,5,6.1
RUF074_T005,1,9.5
RUF074_T005,2,9.5
RUF074_T005,3,11.3
RUF074_T005,4,11.5
RUF074_T006,1,6.5
RUF074_T006,2,7.6
RUF074_T006,3,8.7
RUF074_T006,4,5.6
RUF074_T007,1,5.3
RUF074_T007,2,6.3
RUF074_T007,3,7
RUF074_T008,1,7.8
RUF074_T008,2,5.9
RUF074_T008,3,6
RUF074_T008,4,6.6
RUF074_T008,5,5.4
RUF074_T009,1,6.9
RUF074_T009,2,6.3
RUF074_T010,1,5.9
RUF074_T010,2,5.1
RUF074_T011,1,7
RUF076_T001,1,9
RUF076_T001,2,5
RUF076_T002,1,28
RUF078_T001,1,8.3
RUF078_T001,2,6.5
RUF078_T001,3,6.2
RUF078_T002,1,6.6
RUF078_T002,2,8.6
RUF078_T002,3,7
RUF078_T002,4,8.1
RUF078_T002,5,5.6
RUF078_T003,1,21
RUF078_T003,2,16.8
RUF078_T004,1,13.1
RUF078_T004,2,7.5
RUF078_T004,3,7.2
RUF078_T004,4,6.1
RUF078_T004,5,9.7
RUF081_T001,1,19.6
RUF083_T001,1,12.6
RUF083_T002,1,6.6
RUF083_T003,1,5.1
RUF083_T003,2,6.4
RUF084_T001,1,7.4
RUF086_T001,1,26.1
RUF086_T002,1,7.2
RUF091_T001,1,9.9
RUF091_T001,2,8.8
RUF091_T001,3,19.5
RUF091_T002,1,18.5
RUF091_T003,1,16
RUF091_T004,1,26.2
RUF091_T005,1,34.4
RUF091_T006,1,21.7
RUF091_T007,1,22.5
RUF091_T008,1,16.9
RUF091_T009,1,10.6
RUF092_T001,1,24
RUF092_T002,1,12
RUF092_T002,2,13
RUF092_T003,1,5
RUF092_T003,2,13
RUF092_T004,1,17
RUF092_T005,1,12
RUF092_T006,1,12
RUF092_T007,1,8
RUF092_T007,2,6
RUF092_T008,1,8
RUF092_T008,2,6
RUF092_T009,1,6
RUF092_T009,2,5
RUF092_T010,1,6
RUF092_T011,1,9
RUF092_T011,2,7
RUF092_T011,3,8
RUF092_T011,4,9
RUF092_T011,5,6
RUF092_T012,1,8
RUF092_T012,2,13
RUF092_T012,3,6
RUF092_T012,4,7
RUF094_T001,1,13
RUF094_T001,2,11.7
RUF094_T001,3,10.5
RUF094_T002,1,11
RUF094_T002,2,9.1
RUF096_T001,1,49
RUF096_T002,1,24
RUF096_T002,2,20
RUF096_T002,3,21
RUF096_T002,4,19
RUF096_T002,5,14
RUF096_T003,1,18.5
RUF096_T003,2,22
RUF096_T003,3,14
RUF096_T003,4,26
RUF096_T003,5,24
RUF096_T004,1,10
RUF096_T004,2,10
RUF096_T004,3,16
RUF097_T001,1,13.1
RUF097_T001,2,11.6
RUF097_T002,1,10.8
RUF097_T003,1,12.8
RUF097_T004,1,23
RUF097_T005,1,7
RUF097_T005,2,7.9
RUF097_T006,1,24.4
RUF097_T006,2,22
RUF097_T006,3,13.3
RUF097_T006,4,16.6
RUF097_T006,5,14.9
RUF097_T007,1,9
RUF097_T007,2,5.1
RUF097_T007,3,7
RUF097_T007,4,6.4
RUF097_T008,1,9
RUF097_T008,2,7.2
RUF097_T008,3,6.4
RUF097_T009,1,13.2
RUF097_T009,2,11.3
RUF097_T010,1,6.7
RUF097_T011,1,39.1
RUF100_T001,1,9
RUF100_T002,1,6.1
RUF100_T002,2,6
RUF100_T002,3,7.6
RUF101_T001,1,17.7
RUF101_T002,1,20.5
RUF101_T003,1,98.7
RUF101_T004,1,8.2
RUF101_T004,2,9.7
RUF101_T004,3,18.8
RUF101_T004,4,21.3
RUF101_T004,5,19.6
RUF101_T005,1,21.5
RUF101_T005,2,12.3
RUF101_T005,3,19.7
RUF101_T005,4,10.6
RUF102_T001,1,33.5
RUF102_T002,1,36.6
RUF103_T001,1,10.4
RUF103_T002,1,53
RUF103_T003,1,16.8
RUF103_T004,1,72.1
RUF103_T005,1,9.1
RUF103_T006,1,12.3
RUF103_T007,1,12.7
RUF103_T008,1,72.5
RUF103_T009,1,5.5
RUF103_T010,1,37
RUF103_T011,1,12.4
RUF103_T012,1,18
RUF103_T013,1,14
RUF103_T013,2,13
RUF103_T013,3,15
RUF103_T014,1,13
RUF103_T014,2,12
RUF104_T001,1,35.9
RUF104_T002,1,34.1
RUF104_T003,1,34.9
RUF104_T004,1,27.4
RUF104_T004,2,18.8
RUF104_T004,3,21
RUF104_T005,1,6.1
RUF104_T005,2,9.4
RUF104_T005,3,11.3
RUF104_T006,1,7.8
RUF104_T006,2,9.1
RUF104_T006,3,8.2
RUF104_T006,4,5.4
RUF104_T006,5,5.3
RUF104_T007,1,23
RUF104_T007,2,15.3
RUF104_T008,1,11.8
RUF104_T008,2,8.5
RUF104_T008,3,9.2
RUF104_T008,4,12.8
RUF104_T009,1,11
RUF104_T009,2,7.8
RUF104_T009,3,6.6
RUF104_T009,4,7.8
RUF105_T001,1,11
RUF105_T002,1,8
RUF105_T002,2,7
RUF105_T002,3,8
RUF105_T002,4,9
RUF106_T001,1,57.8
RUF106_T002,1,10.8
RUF107_T001,1,9.4
RUF107_T001,2,6.7
RUF107_T001,3,4.9
RUF107_T001,4,8
RUF108_T001,1,27.4
RUF108_T001,2,20
RUF108_T001,3,24.6
RUF111_T001,1,9.6
RUF111_T002,1,10.8
RUF111_T003,1,10
RUF111_T004,1,25.9
RUF111_T005,1,9.4
RUF111_T006,1,5
RUF111_T007,1,19
RUF111_T007,2,18.9
RUF111_T008,1,5.8
RUF111_T009,1,8.2
RUF111_T009,2,9.3
RUF111_T009,3,10
RUF111_T009,4,8.4
RUF111_T009,5,7.4
RUF111_T010,1,23.4
RUF111_T010,2,20.2
RUF111_T010,3,30.3
RUF111_T010,4,10.8
RUF111_T010,5,7.7
RUF111_T011,1,10.8
RUF111_T011,2,7.7
RUF111_T012,1,16
RUF111_T013,1,11.6
RUF111_T013,2,6
RUF111_T014,1,8.6
RUF111_T014,2,5.3
RUF111_T015,1,21.3
RUF111_T016,1,10.9
RUF111_T017,1,20.8
RUF111_T018,1,18.8
RUF111_T018,2,16.5
RUF111_T019,1,23.3
RUF114_T001,1,8.4
RUF114_T001,2,6.4
RUF114_T001,3,9.3
RUF114_T002,1,27.8
RUF114_T003,1,7.7
RUF114_T003,2,6.2
RUF114_T004,1,8
RUF114_T004,2,7.4
RUF114_T004,3,6.9
RUF114_T004,4,6.5
RUF114_T004,5,7.3
RUF114_T005,1,9.5
RUF114_T006,1,9.1
RUF114_T007,1,9.7
RUF114_T007,2,9
RUF114_T007,3,7.7
RUF114_T007,4,8.7
RUF114_T007,5,7.6
RUF114_T008,1,12.1
RUF114_T009,1,5.5
RUF114_T009,2,5.4
RUF114_T009,3,5.2
RUF115_T001,1,12
RUF115_T001,2,5
RUF115_T002,1,7
RUF115_T002,2,5
RUF115_T002,3,8
RUF115_T002,4,7
RUF115_T002,5,5
RUF115_T003,1,7
RUF115_T003,2,8
RUF115_T004,1,18
RUF115_T005,1,11
RUF115_T006,1,5
RUF115_T007,1,42
RUF115_T008,1,12
RUF115_T008,2,5
RUF116_T001,1,5.1
RUF116_T002,1,17.6
RUF116_T002,2,14.6
RUF116_T002,3,16.8
RUF116_T003,1,67.5
RUF116_T004,1,10.6
RUF116_T004,2,8.8
RUF116_T004,3,7.5
RUF116_T005,1,5.8
RUF116_T005,2,6.8
RUF116_T006,1,44.4
RUF117_T001,1,10
RUF117_T001,2,8
RUF117_T001,3,7
RUF117_T001,4,7
RUF117_T001,5,6
RUF117_T002,1,17
RUF117_T002,2,9
RUF119_T001,1,8.9
RUF119_T002,1,9.2
RUF119_T003,1,15.5
RUF119_T004,1,12
RUF119_T004,2,13.5
RUF119_T005,1,7.6
RUF119_T005,2,7.8
RUF119_T006,1,10
RUF119_T007,1,8.6
RUF119_T008,1,10.9
RUF119_T009,1,15.7
RUF123_T001,1,30
RUF123_T001,2,21
RUF123_T001,3,22
RUF123_T001,4,19
RUF123_T001,5,20
RUF123_T002,1,25
RUF123_T002,2,16
RUF123_T002,3,10
RUF123_T003,1,14
RUF123_T004,1,31
RUF123_T004,2,23
RUF123_T005,1,22
RUF123_T006,1,30
RUF123_T007,1,28
RUF123_T008,1,17.3
RUF123_T009,1,56.5
RUF123_T010,1,13.1
RUF123_T011,1,22
RUF123_T011,2,20
RUF123_T011,3,23
RUF123_T011,4,14
RUF123_T011,5,20
RUF123_T012,1,34
RUF123_T013,1,37
RUF123_T013,2,38
RUF123_T013,3,35
RUF123_T013,4,25
RUF123_T013,5,23.1
RUF123_T014,1,14
RUF123_T015,1,8.9
RUF123_T016,1,21
RUF123_T017,1,11
RUF123_T017,2,8
RUF123_T017,3,12
RUF123_T018,1,11
RUF123_T019,1,22
RUF123_T020,1,18
RUF123_T020,2,18
RUF123_T020,3,18
RUF123_T020,4,14
RUF123_T021,1,25
RUF123_T022,1,5.9
RUF123_T023,1,11
RUF123_T024,1,8
RUF123_T025,1,44.2
RUF123_T026,1,16.4
RUF123_T027,1,34
RUF123_T027,2,17
RUF123_T027,3,18.5
RUF123_T028,1,8.7
RUF123_T029,1,15
RUF123_T029,2,16
RUF123_T030,1,6
RUF123_T030,2,12
RUF123_T030,3,7
RUF123_T031,1,10
RUF123_T032,1,13.8
RUF123_T033,1,14
RUF123_T033,2,12
RUF123_T034,1,5
RUF124_T001,1,28.3
RUF124_T001,2,10
RUF124_T001,3,19.4
RUF124_T001,4,17.6
RUF124_T001,5,9
RUF124_T002,1,5.6
RUF124_T003,1,7.1
RUF124_T003,2,5.7
RUF124_T003,3,5.5
RUF124_T004,1,5
RUF124_T005,1,5
RUF125_T001,1,5
RUF125_T001,2,6
RUF125_T002,1,6
RUF125_T002,2,7
RUF125_T002,3,5
RUF128_T001,1,8.6
RUF128_T002,1,13.7
RUF128_T003,1,22.4
RUF128_T003,2,20.7
RUF128_T003,3,24.1
RUF128_T004,1,21.4
RUF128_T005,1,13.8
RUF128_T006,1,5.9
RUF128_T007,1,14.1
RUF129_T001,1,5
RUF129_T002,1,21
RUF129_T003,1,8
RUF129_T004,1,16
RUF129_T004,2,13
RUF129_T005,1,9
RUF129_T005,2,6
RUF129_T006,1,10
RUF129_T007,1,5
RUF130_T001,1,17.7
RUF130_T002,1,17.6
RUF130_T003,1,16.5
RUF130_T004,1,14.7
RUF130_T005,1,12.6
RUF130_T006,1,10.2
RUF130_T006,2,11.8
RUF130_T006,3,7.5
RUF130_T006,4,10.3
RUF130_T006,5,6.2
RUF130_T007,1,5.2
RUF130_T007,2,8.8
RUF130_T007,3,10
RUF130_T007,4,6.8
RUF130_T007,5,7.9
RUF130_T008,1,49.9
RUF130_T009,1,9.4
RUF130_T009,2,6.8
RUF130_T010,1,7.8
RUF130_T010,2,7
RUF131_T001,1,15.8
RUF131_T001,2,10.6
RUF131_T002,1,22.9
RUF131_T002,2,19.5
RUF131_T003,1,19.4
RUF131_T004,1,14.6
RUF131_T005,1,11.8
RUF131_T005,2,12.6
RUF131_T006,1,5
RUF132_T001,1,20.9
RUF132_T002,1,6
RUF132_T003,1,7.7
RUF132_T004,1,12.3
RUF132_T005,1,19.8
RUF132_T006,1,7.2
RUF132_T007,1,5.8
RUF132_T007,2,6.2
RUF132_T008,1,8.8
RUF132_T009,1,5.7
RUF132_T010,1,6.5
RUF132_T011,1,9
RUF132_T012,1,29.7
RUF132_T013,1,54.1
RUF132_T014,1,54
RUF132_T014,2,63.9
RUF132_T015,1,17.2
RUF132_T016,1,6.9
RUF132_T016,2,6.5
RUF132_T017,1,26.8
RUF132_T018,1,6.4
RUF132_T019,1,6.1
RUF132_T019,2,5.2
RUF132_T020,1,5.2
RUF132_T021,1,5.5
RUF132_T022,1,8.4
RUF132_T023,1,7.1
RUF132_T023,2,5.9
RUF132_T023,3,5.4
RUF132_T024,1,12.2
RUF132_T024,2,11.8
RUF132_T024,3,21.9
RUF132_T025,1,6.4
RUF132_T026,1,17.8
RUF132_T027,1,11
RUF134_T001,1,12.4
RUF134_T001,2,7.5
RUF134_T002,1,8.9
RUF134_T002,2,7.8
RUF134_T002,3,8.8
RUF134_T003,1,20.5
RUF134_T004,1,11.5
RUF134_T005,1,7
RUF134_T005,2,7
RUF134_T005,3,6
RUF134_T005,4,6
RUF135_T001,1,5.5
RUF136_T001,1,6.2
RUF136_T002,1,6.6
RUF136_T003,1,6.8
RUF136_T004,1,7.7
RUF137_T001,1,17
RUF137_T002,1,11
RUF137_T003,1,12
RUF137_T004,1,18
RUF140_T001,1,8.4
RUF140_T002,1,20.5
RUF140_T003,1,9.8
RUF140_T004,1,35.3
RUF140_T005,1,7.8
RUF140_T005,2,6.9
RUF140_T006,1,14.2
RUF140_T007,1,26.9
RUF140_T008,1,22.1
RUF140_T008,2,10
RUF140_T008,3,14.8
RUF140_T009,1,17.7
RUF140_T009,2,14.4
RUF140_T010,1,21.9
RUF140_T011,1,10
RUF140_T011,2,5.5
RUF140_T012,1,7
RUF140_T013,1,5.4
RUF140_T013,2,9.6
RUF140_T014,1,13.3
RUF140_T014,2,14.5
RUF140_T014,3,5.9
RUF140_T015,1,5.2
RUF143_T001,1,6.8
RUF143_T002,1,13
RUF143_T002,2,11.9
RUF143_T002,3,12.2
RUF143_T003,1,43.4
RUF143_T004,1,6.6
RUF143_T005,1,18.4
RUF143_T006,1,13.8
RUF143_T007,1,25.7
RUF143_T008,1,30.8
RUF143_T009,1,32
RUF143_T009,2,17.1
RUF143_T010,1,46.3
RUF144_T001,1,6.5
RUF144_T001,2,8.5
RUF144_T001,3,8.7
RUF144_T001,4,11.2
RUF149_T001,1,23.3
RUF149_T002,1,17.8
RUF149_T003,1,11.4
RUF149_T004,1,10
RUF150_T001,1,33.4
RUF150_T002,1,9.8
RUF150_T003,1,9.6
RUF151_T001,1,17.2
RUF151_T001,2,9.9
RUF151_T002,1,8.8
RUF151_T003,1,7.9
RUF151_T003,2,7.2
RUF151_T004,1,5.4
RUF151_T004,2,5.3
RUF151_T004,3,5.5
RUF151_T005,1,16
RUF151_T005,2,13.2
RUF151_T005,3,11.4
RUF152_T001,1,10.5
RUF152_T001,2,10.5
RUF152_T002,1,4.8
RUF152_T002,2,7.7
RUF152_T002,3,6.2
RUF152_T003,1,46.8
RUF152_T004,1,44.3
RUF152_T005,1,45.8
RUF152_T006,1,9
RUF153_T001,1,40.7
RUF153_T002,1,18.1
RUF153_T003,1,35.8
RUF153_T003,2,18.1
RUF153_T004,1,10.7
RUF153_T005,1,14.3
RUF153_T005,2,10.8
RUF153_T005,3,9.6
RUF153_T005,4,8.8
RUF153_T006,1,7.4
RUF153_T006,2,7.2
RUF153_T006,3,6.2
RUF153_T007,1,9.7
RUF153_T007,2,9.9
RUF153_T007,3,8.7
RUF153_T007,4,11.5
RUF153_T007,5,6
RUF153_T008,1,24.3
RUF153_T008,2,23.1
RUF153_T008,3,18.4
RUF153_T009,1,9.3
RUF154_T001,1,12
RUF154_T002,1,16.5
RUF154_T003,1,14
RUF154_T004,1,17.1
RUF154_T005,1,14.2
RUF154_T006,1,15.2
RUF154_T007,1,19.7
RUF154_T008,1,16.9
RUF154_T009,1,17
RUF154_T010,1,14.2
RUF154_T011,1,18.9
RUF154_T012,1,11.1
RUF154_T013,1,20.2
RUF154_T014,1,18.4
RUF154_T015,1,19.2
RUF154_T016,1,15.2
RUF154_T017,1,17.9
RUF154_T018,1,19.4
RUF154_T019,1,20.2
RUF154_T020,1,21
RUF154_T021,1,22.6
RUF154_T022,1,11.3
RUF154_T023,1,17.6
RUF154_T024,1,15.6
RUF154_T025,1,18.8
RUF154_T026,1,20.9
RUF154_T027,1,17.8
RUF155_T001,1,17.9
RUF155_T001,2,13.8
RUF155_T002,1,31.7
RUF155_T003,1,11.8
RUF155_T003,2,7.3
RUF155_T004,1,16.1
RUF155_T005,1,8.6
RUF155_T006,1,18.2
RUF155_T006,2,9.4
RUF155_T007,1,10.4
RUF155_T007,2,8.3
RUF155_T007,3,11.8
RUF155_T008,1,6.9
RUF155_T008,2,6.2
RUF155_T008,3,7.2
RUF155_T009,1,12.2
RUF155_T010,1,13
RUF155_T010,2,6.9
RUF155_T011,1,8.8
RUF155_T011,2,6.4
RUF158_T001,1,25
RUF158_T001,2,10
RUF158_T001,3,10
RUF158_T002,1,8
RUF158_T003,1,8
RUF158_T004,1,26
RUF158_T005,1,21
RUF158_T006,1,23
RUF158_T007,1,8
RUF158_T008,1,6
RUF158_T009,1,8
RUF158_T010,1,13
RUF158_T010,2,11
RUF158_T011,1,5
RUF158_T012,1,6
RUF160_T001,1,15.4
RUF161_T001,1,22.1
RUF161_T002,1,9.9
RUF161_T002,2,11.4
RUF161_T002,3,9.1
RUF161_T003,1,8.5
RUF161_T003,2,11.7
RUF161_T003,3,10.1
RUF161_T004,1,6.7
RUF162_T001,1,11
RUF162_T001,2,16
RUF162_T001,3,12
RUF162_T002,1,5
RUF162_T003,1,6.4
RUF162_T004,1,7.8
RUF162_T004,2,11
RUF162_T005,1,7.5
RUF162_T005,2,9.8
RUF162_T005,3,7.2
RUF162_T005,4,6.8
RUF162_T005,5,7.5
RUF162_T006,1,6.2
RUF162_T006,2,5.7
RUF162_T007,1,5.7
RUF162_T007,2,8.4
RUF162_T007,3,5.7
RUF162_T007,4,7.1
RUF162_T007,5,7.5
RUF162_T008,1,21.3
RUF162_T008,2,8
RUF162_T008,3,17.8
RUF162_T008,4,13.1
RUF169_T001,1,20.4
RUF169_T002,1,18.1
RUF169_T003,1,20.8
RUF169_T004,1,9.8
RUF169_T004,2,7.7
RUF169_T004,3,8.2
RUF169_T004,4,5.5
RUF169_T004,5,8.5
RUF169_T005,1,10
RUF169_T005,2,7.1
RUF169_T005,3,7.3
RUF169_T005,4,5.5
RUF169_T005,5,5.7
RUF169_T006,1,24.5
RUF169_T006,2,25.5
RUF169_T006,3,23.3
RUF169_T007,1,39.7
RUF169_T008,1,20.8
RUF169_T008,2,20.7
RUF171_T001,1,71.3
RUF171_T002,1,47.8
RUF171_T003,1,13.7
RUF171_T003,2,10.6
RUF171_T003,3,11.6
RUF171_T004,1,7.4
RUF171_T004,2,5.8
RUF171_T004,3,7.8
RUF171_T005,1,10.5
RUF171_T005,2,13.3
RUF171_T005,3,13.5
RUF171_T005,4,16
RUF171_T006,1,24.2
RUF171_T007,1,13.9
RUF171_T007,2,10.6
RUF171_T007,3,9.3
RUF171_T008,1,17.5
RUF171_T009,1,17.7
RUF171_T010,1,30.3
RUF171_T011,1,22.9
RUF171_T011,2,12.6
RUF171_T011,3,13.2
RUF171_T011,4,12.2
RUF171_T011,5,6.4
RUF171_T012,1,18.3
RUF171_T012,2,12.2
RUF171_T013,1,5
RUF171_T013,2,6.5
RUF171_T013,3,10.2
RUF171_T014,1,21.4
RUF174_T001,1,12
RUF174_T002,1,12
RUF174_T003,1,12
RUF174_T004,1,26
RUF174_T005,1,28.3
RUF174_T006,1,17.1
RUF174_T007,1,24.2
RUF174_T008,1,21.9
RUF174_T009,1,16.5
RUF174_T010,1,11.4
RUF174_T010,2,12.1
RUF174_T011,1,14.2
RUF175_T001,1,13.8
RUF178_T001,1,32.8
RUF178_T002,1,25.6
RUF179_T001,1,13.2
RUF180_T001,1,32.8
RUF180_T002,1,5.5
RUF180_T003,1,6
RUF181_T001,1,15
RUF181_T001,2,12
RUF181_T002,1,36.1
RUF181_T003,1,6.4
RUF182_T001,1,21.8
RUF182_T002,1,5.1
RUF182_T003,1,62
RUF182_T004,1,6
RUF182_T005,1,94.3
RUF182_T006,1,6.1
RUF182_T007,1,9.2
RUF182_T008,1,8.8
RUF182_T009,1,15.5
RUF182_T010,1,11.2
RUF182_T011,1,7.1
RUF182_T012,1,86.2
RUF182_T013,1,7.3
RUF182_T014,1,10
RUF182_T015,1,5.5
RUF182_T016,1,5.6
RUF182_T017,1,91.5
RUF182_T018,1,11
RUF182_T019,1,49.8
RUF182_T020,1,8.4
RUF182_T021,1,5.3
RUF182_T022,1,6.8
RUF182_T023,1,5.6
RUF183_T001,1,21
RUF183_T001,2,19
RUF183_T001,3,9
RUF183_T002,1,8.2
RUF185_T001,1,19
RUF185_T001,2,12.2
RUF185_T001,3,5.5
RUF185_T001,4,5.4
RUF185_T001,5,5.2
RUF187_T001,1,41.7
RUF187_T002,1,5.3
RUF187_T002,2,5.1
RUF187_T003,1,7.3
RUF187_T003,2,12.9
RUF187_T003,3,11.3
RUF187_T003,4,8.7
RUF187_T003,5,6.6
RUF187_T004,1,6
RUF188_T001,1,39
RUF188_T002,1,29
RUF188_T003,1,17
RUF188_T004,1,22
RUF188_T004,2,14
RUF188_T005,1,17
RUF188_T006,1,14
RUF188_T006,2,15
RUF191_T001,1,53
RUF191_T002,1,41.4
RUF191_T002,2,35
RUF191_T003,1,21.3
RUF191_T004,1,7.7
RUF191_T004,2,8.7
RUF191_T004,3,8.5
RUF191_T004,4,7.9
RUF191_T005,1,27.5
RUF191_T006,1,14
RUF191_T007,1,10
RUF191_T007,2,10.4
RUF191_T007,3,9.5
RUF191_T007,4,11
RUF191_T007,5,10.8
RUF191_T008,1,7.2
RUF191_T008,2,7.1
RUF191_T009,1,7.9
RUF191_T009,2,6.6
RUF191_T010,1,59.3
RUF191_T011,1,37.4
RUF191_T012,1,5.6
RUF191_T013,1,13.2
RUF191_T014,1,6.2
RUF191_T014,2,5
RUF192_T001,1,8.7
RUF194_T001,1,22.5
RUF194_T002,1,16.8
RUF194_T003,1,22
RUF194_T003,2,29.9
RUF195_T001,1,7.9
RUF195_T002,1,41
RUF195_T003,1,28.2
RUF195_T003,2,37.4
RUF195_T003,3,21.8
RUF195_T003,4,19.4
RUF195_T003,5,20.4
RUF195_T004,1,12.4
RUF195_T004,2,11.5
RUF195_T004,3,9.2
RUF195_T005,1,8.7
RUF195_T005,2,6.4
RUF195_T005,3,7
RUF195_T006,1,12.3
RUF195_T006,2,5.8
RUF195_T007,1,6.1
RUF195_T008,1,16.2
RUF195_T008,2,15.4
RUF195_T008,3,13.2
RUF195_T009,1,18.9
RUF195_T010,1,14.9
RUF195_T010,2,12.5
RUF195_T010,3,8.9
RUF195_T010,4,8
RUF195_T010,5,8.8
RUF195_T011,1,29.1
RUF195_T012,1,7.1
RUF195_T012,2,7.8
RUF195_T012,3,7.5
RUF195_T013,1,32.9
RUF195_T014,1,15.4
RUF195_T014,2,11.9
RUF195_T014,3,13.6
RUF195_T015,1,7.8
RUF195_T015,2,5.9
RUF195_T015,3,7.1
RUF195_T015,4,16.4
RUF195_T015,5,8.4
RUF195_T016,1,9.8
RUF195_T017,1,7.1
RUF195_T017,2,5.8
RUF195_T017,3,8.2
RUF197_T001,1,19
RUF197_T001,2,23
RUF197_T002,1,42
RUF197_T003,1,13
RUF197_T003,2,5
RUF197_T004,1,10
RUF197_T005,1,42
RUF197_T006,1,20
RUF197_T007,1,9
RUF197_T007,2,7
RUF197_T008,1,47
RUF197_T009,1,44
RUF197_T010,1,6
RUF197_T011,1,7
RUF197_T012,1,6
RUF197_T013,1,6
RUF198_T001,1,19
RUF198_T002,1,5
RUF198_T002,2,6
RUF198_T003,1,15
RUF198_T003,2,16
RUF198_T004,1,23
RUF198_T004,2,14
RUF198_T004,3,13
RUF198_T005,1,6
RUF198_T006,1,46
RUF198_T007,1,5
RUF199_T001,1,35.3
RUF199_T002,1,5.5
RUF199_T002,2,5.3
RUF199_T003,1,13
RUF199_T004,1,6
RUF199_T005,1,17.3
RUF199_T005,2,12.4
RUF199_T006,1,48.3
RUF199_T007,1,19.1
RUF199_T007,2,21.8
RUF199_T008,1,14.9
RUF199_T008,2,9.6
RUF199_T008,3,9
RUF199_T009,1,22.7
RUF199_T010,1,36.9
RUF199_T011,1,47.3
RUF199_T012,1,31.3
RUF199_T013,1,10.3
RUF199_T013,2,8.4
RUF199_T013,3,8.8
RUF199_T013,4,9.8
RUF199_T013,5,6.3
RUF199_T014,1,7
RUF199_T014,2,6.8
RUF199_T015,1,10.7
RUF199_T016,1,11.8
RUF199_T017,1,16.1
RUF199_T017,2,11.4
RUF199_T017,3,11
RUF199_T017,4,17.6
RUF199_T018,1,13.6
RUF199_T018,2,14.7
RUF199_T018,3,18.5
RUF200_T001,1,29.2
RUF200_T002,1,23.9
RUF200_T002,2,12
RUF200_T003,1,19.5
RUF200_T003,2,17.3
RUF200_T003,3,21
RUF200_T004,1,9.7
RUF200_T004,2,8.5
RUF200_T005,1,33.9
RUF200_T006,1,14
RUF200_T006,2,14.8
RUF200_T006,3,13.2
RUF201_T001,1,11
RUF201_T001,2,4.8
RUF201_T002,1,14.3
RUF201_T003,1,15.8
RUF201_T004,1,8.2
RUF201_T004,2,10.5
RUF201_T004,3,9
RUF201_T004,4,18.4
RUF201_T005,1,9.5
RUF201_T005,2,7
RUF201_T005,3,13.9
RUF201_T005,4,9.9
RUF201_T005,5,8.1
RUF201_T006,1,14.3
RUF201_T007,1,5.5
RUF201_T007,2,5.4
RUF201_T008,1,6.5
RUF201_T009,1,13
RUF201_T009,2,6.8
RUF201_T009,3,18.3
RUF201_T010,1,5.8
RUF201_T011,1,7.6
RUF201_T012,1,5.9
RUF201_T013,1,5.6
RUF201_T014,1,7.4
RUF201_T014,2,5.1
RUF201_T014,3,7
RUF201_T015,1,10.9
RUF201_T016,1,10.8
RUF201_T016,2,15.4
RUF201_T016,3,13
RUF201_T016,4,15.1
RUF206_T001,1,28
RUF206_T002,1,22
RUF206_T002,2,19
RUF206_T002,3,15
RUF206_T003,1,18.6
RUF206_T003,2,17.2
RUF206_T004,1,14.2
RUF206_T005,1,8.7
RUF206_T006,1,6.5
RUF206_T007,1,19.6
RUF206_T007,2,15.3
RUF210_T001,1,11.2
RUF210_T002,1,25
RUF210_T003,1,23.3
RUF210_T004,1,18.2
RUF210_T005,1,9.8
RUF210_T006,1,13.5
RUF210_T006,2,7.7
RUF210_T006,3,3.3
RUF210_T007,1,18.8
RUF210_T007,2,12.3
RUF210_T007,3,9.9
RUF210_T007,4,7.8
RUF210_T008,1,13.5
RUF210_T008,2,5.8
RUF210_T008,3,13
RUF210_T008,4,11.7
RUF210_T008,5,11.5
RUF210_T009,1,18.2
RUF210_T009,2,11
RUF210_T010,1,9.2
RUF210_T010,2,7.5
RUF210_T011,1,6
RUF210_T012,1,6.7
RUF210_T013,1,21.1
RUF210_T014,1,18.2
RUF210_T015,1,6.4
RUF210_T016,1,19.3
RUF210_T017,1,13.8
RUF210_T017,2,11.1
RUF210_T018,1,6.4
RUF211_T001,1,18
RUF211_T001,2,20.8
RUF211_T002,1,17.4
RUF211_T002,2,23.4
RUF211_T003,1,5.9
RUF211_T003,2,7
RUF211_T004,1,37.4
RUF211_T005,1,23.2
RUF211_T006,1,27.2
RUF215_T001,1,32.9
RUF215_T002,1,33
RUF215_T003,1,14.2
RUF215_T004,1,21.8
RUF215_T005,1,23.2
RUF215_T006,1,30.2
RUF215_T007,1,20.1
RUF216_T001,1,19.5
RUF217_T001,1,18.3
RUF217_T002,1,14
RUF217_T002,2,15
RUF217_T002,3,10
RUF217_T003,1,13.4
RUF217_T004,1,9.3
RUF217_T005,1,11
RUF217_T005,2,8.9
RUF217_T006,1,21.7
RUF217_T007,1,17.9
RUF217_T007,2,17.2
RUF217_T007,3,13.5
RUF217_T008,1,7.1
RUF217_T009,1,13.2
RUF217_T010,1,26.4
RUF217_T011,1,5.7
RUF217_T012,1,27.4
RUF217_T013,1,14.8
RUF217_T013,2,13.4
RUF218_T001,1,5.3
RUF218_T001,2,6.4
RUF218_T002,1,22.1
RUF218_T003,1,13.9
RUF218_T003,2,5.1
RUF218_T003,3,8
RUF218_T004,1,12.8
RUF218_T004,2,17.1
RUF218_T005,1,17.6
RUF218_T006,1,22.3
RUF218_T006,2,29.1
RUF218_T007,1,6.8
RUF218_T008,1,22.8
RUF218_T009,1,5.8
RUF218_T010,1,14.4
RUF218_T010,2,8.8
RUF218_T010,3,12.2
RUF218_T010,4,10.3
RUF218_T010,5,9.3
RUF219_T001,1,15.3
RUF219_T001,2,7.4
RUF219_T002,1,9
RUF219_T002,2,8.2
RUF219_T002,3,8.8
RUF219_T002,4,11
RUF219_T003,1,7.2
RUF219_T003,2,6.8
RUF219_T004,1,7.4
RUF219_T004,2,6.3
RUF220_T001,1,7
RUF221_T001,1,27.7
RUF221_T002,1,16
RUF221_T003,1,6.1
RUF221_T003,2,7.2
RUF221_T004,1,14.7
RUF221_T005,1,12.8
RUF221_T006,1,10.4
RUF221_T007,1,11.5
RUF221_T007,2,5.9
RUF221_T008,1,11.2
RUF221_T008,2,8
RUF221_T008,3,14.3
RUF221_T008,4,8.1
RUF221_T009,1,11.3
RUF221_T010,1,6.7
RUF221_T011,1,6.6
RUF221_T011,2,8.8
RUF221_T012,1,13.1
RUF221_T012,2,12.4
RUF221_T013,1,6.5
RUF221_T014,1,12.1
RUF221_T015,1,6.8
RUF221_T016,1,13
RUF221_T017,1,16
RUF221_T018,1,15.1
RUF221_T019,1,9.5
RUF221_T020,1,6.4
RUF221_T021,1,8
RUF221_T022,1,6
RUF221_T022,2,6
RUF221_T022,3,5.3
RUF221_T022,4,5
RUF221_T023,1,18.9
RUF221_T023,2,18.6
RUF221_T024,1,23.9
RUF221_T025,1,7
RUF221_T026,1,6.4
RUF221_T027,1,22.9
RUF221_T028,1,6.4
RUF221_T028,2,5.5
RUF221_T029,1,8.5
RUF221_T029,2,7.3
RUF221_T030,1,26.5
RUF221_T031,1,20.2
RUF221_T032,1,8.4
RUF221_T032,2,8.1
RUF221_T032,3,9.8
RUF221_T032,4,10.3
RUF221_T032,5,7.5
RUF221_T033,1,27.4
RUF221_T033,2,13.4
RUF221_T033,3,12.7
RUF221_T034,1,22.5
RUF221_T034,2,11.7
RUF221_T035,1,19.6
RUF223_T001,1,11.1
RUF223_T001,2,9.1
RUF223_T001,3,6.9
RUF223_T001,4,6.9
RUF223_T002,1,14.4
RUF223_T003,1,6.8
RUF223_T003,2,5.7
RUF223_T004,1,8.4
RUF223_T005,1,7.9
RUF223_T005,2,6.2
RUF223_T006,1,31.7
RUF223_T007,1,39
RUF223_T008,1,14.4
RUF223_T009,1,9
RUF223_T010,1,13.1
RUF223_T011,1,5.4
RUF223_T012,1,14
RUF223_T013,1,12.1
RUF223_T014,1,9.4
RUF223_T015,1,13.6
RUF223_T016,1,16.1
RUF223_T017,1,9.2
RUF223_T017,2,12.4
RUF223_T018,1,7.2
RUF223_T018,2,5.4
RUF223_T019,1,6.7
RUF223_T019,2,5.2
RUF224_T001,1,11
RUF224_T001,2,15
RUF224_T002,1,6
RUF224_T002,2,7
RUF226_T001,1,22
