tree_id,plot_id,housing_type,species_reported,taxon,genus,itree_code,n_stems,dbh_eq_cm,height_m,crown_base_height_m,crown_width_1_m,crown_width_2_m,crown_light_exposure,crown_missing_pct,crown_dieback_pct,street_tree,distance_from_centre_m,direction_from_centre_deg
RUF001_T001,RUF001,single_household,Juglans regia,Juglans regia,Juglans,JURE,1,15.6,,,,,,,,,,
RUF001_T002,RUF001,single_household,Aesculus hippocastanum,Aesculus hippocastanum,Aesculus,AEHI,1,68.5,,,,,,,,,,
RUF001_T003,RUF001,single_household,Juglans regia,Juglans regia,Juglans,JURE,1,14.6,,,,,,,,,,
RUF001_T004,RUF001,single_household,Malus domestica,Malus domestica,Malus,MADO,4,23.3,,,,,,,,,,
RUF005_T001,RUF005,single_household,Malus domestica,Malus domestica,Malus,MADO,1,18,,,,,,,,,,
RUF005_T002,RUF005,single_household,Malus domestica,Malus domestica,Malus,MADO,1,25.5,,,,,,,,,,
RUF005_T003,RUF005,single_household,Malus toringo,Malus toringo,Malus,MADO,1,7,,,,,,,,,,
RUF008_T001,RUF008,multi_household,,Prunus cerasifera,Prunus,PRCE2,1,11.9,5.8000002,2.0999999,4.6999998,4.3000002,5,0,0,FALSE,4.0999999,356
RUF010_T001,RUF010,single_household,Malus domestica,Malus domestica,Malus,MADO,1,15,,,,,,,,,,
RUF010_T002,RUF010,single_household,Malus domestica,Malus domestica,Malus,MADO,1,26,,,,,,,,,,
RUF010_T003,RUF010,single_household,Malus domestica,Malus domestica,Malus,MADO,3,34.1,,,,,,,,,,
RUF010_T004,RUF010,single_household,Prunus domestica,Prunus domestica,Prunus,PRDO,1,26,,,,,,,,,,
RUF010_T005,RUF010,single_household,Malus domestica,Malus domestica,Malus,MADO,1,13,,,,,,,,,,
RUF010_T006,RUF010,single_household,Prunus domestica,Prunus domestica,Prunus,PRDO,3,24.9,,,,,,,,,,
RUF010_T007,RUF010,single_household,Prunus domestica,Prunus domestica,Prunus,PRDO,2,13.5,,,,,,,,,,
RUF010_T008,RUF010,single_household,Syringa vulgaris,Syringa vulgaris,Syringa,SYVU,4,18.6,,,,,,,,,,
RUF010_T009,RUF010,single_household,Syringa vulgaris,Syringa vulgaris,Syringa,SYVU,3,14,,,,,,,,,,
RUF011_T001,RUF011,single_household,Thuja,Thuja sp.,Thuja,TH9,1,14,,,,,,,,,,
RUF011_T002,RUF011,single_household,Thuja,Thuja sp.,Thuja,TH9,1,14,,,,,,,,,,
RUF011_T003,RUF011,single_household,Thuja,Thuja sp.,Thuja,TH9,1,19,,,,,,,,,,
RUF011_T004,RUF011,single_household,Thuja,Thuja sp.,Thuja,TH9,1,19,,,,,,,,,,
RUF011_T005,RUF011,single_household,Thuja,Thuja sp.,Thuja,TH9,2,28.3,,,,,,,,,,
RUF013_T001,RUF013,single_household,Prunus avium,Prunus avium,Prunus,PRAV,1,27.3,,,,,,,,,,
RUF013_T002,RUF013,single_household,Malus domestica,Malus domestica,Malus,MADO,1,10,,,,,,,,,,
RUF013_T003,RUF013,single_household,Malus domestica,Malus domestica,Malus,MADO,4,17.2,,,,,,,,,,
RUF013_T004,RUF013,single_household,Malus domestica,Malus domestica,Malus,MADO,2,21.5,,,,,,,,,,
RUF013_T005,RUF013,single_household,Pyrus communis,Pyrus communis,Pyrus,PYCO,1,5.7,,,,,,,,,,
RUF013_T006,RUF013,single_household,Prunus domestica,Prunus domestica,Prunus,PRDO,2,10.5,,,,,,,,,,
RUF013_T007,RUF013,single_household,Salix caprea,Salix caprea,Salix,SACA4,1,10.3,,,,,,,,,,
RUF014_T001,RUF014,multi_household,,Tilia platyphyllos,Tilia,TIPL,1,55,18.200001,3.2,11.9,12.8,5,18,0,FALSE,3.8,318
RUF015_T001,RUF015,single_household,Syringa vulgaris,Syringa vulgaris,Syringa,SYVU,4,18.7,,,,,,,,,,
RUF015_T002,RUF015,single_household,Magnolia kobus,Magnolia kobus,Magnolia,MAKO,2,20.3,,,,,,,,,,
RUF015_T003,RUF015,single_household,Sorbus intermedia,Sorbus intermedia,Sorbus,SOIN,1,6.9,,,,,,,,,,
RUF015_T004,RUF015,single_household,Tilia cordata,Tilia cordata,Tilia,TICO,1,45.6,,,,,,,,,,
RUF015_T005,RUF015,single_household,Tilia cordata,Tilia cordata,Tilia,TICO,1,35.1,,,,,,,,,,
RUF015_T006,RUF015,single_household,Tilia cordata,Tilia cordata,Tilia,TICO,1,43.6,,,,,,,,,,
RUF017_T001,RUF017,single_household,Pyrus communis,Pyrus communis,Pyrus,PYCO,1,10.6,,,,,,,,,,
RUF017_T002,RUF017,single_household,Malus domestica,Malus domestica,Malus,MADO,1,11.2,,,,,,,,,,
RUF017_T003,RUF017,single_household,Betula pendula,Betula pendula,Betula,BEPE,1,17.1,,,,,,,,,,
RUF017_T004,RUF017,single_household,Sorbus aucuparia,Sorbus aucuparia,Sorbus,SOAU,1,25.1,,,,,,,,,,
RUF017_T005,RUF017,single_household,Sorbus aucuparia,Sorbus aucuparia,Sorbus,SOAU,1,30,,,,,,,,,,
RUF017_T006,RUF017,single_household,Prunus cerasifera,Prunus cerasifera,Prunus,PRCE,1,14.8,,,,,,,,,,
RUF020_T001,RUF020,multi_household,,Thuja occidentalis,Thuja,THOC,1,6.3,4.8000002,0,2.5,1.1,3,23,0,FALSE,5.5999999,294
RUF020_T002,RUF020,multi_household,,Thuja occidentalis,Thuja,THOC,1,8.2,4.6999998,0,2.5,1.1,3,23,0,FALSE,5.4000001,303
RUF020_T003,RUF020,multi_household,,Thuja occidentalis,Thuja,THOC,1,6.2,3.9000001,0,2.5,1.1,3,23,0,FALSE,5.0999999,306
RUF022_T001,RUF022,single_household,Crataegus monogyna,Crataegus monogyna,Crataegus,CROX,1,11,,,,,,,,,,
RUF023_T001,RUF023,single_household,Betula pendula,Betula pendula,Betula,BEPE,1,26.7,,,,,,,,,,
RUF023_T002,RUF023,single_household,Pyrus communis,Pyrus communis,Pyrus,PYCO,1,14.8,,,,,,,,,,
RUF023_T003,RUF023,single_household,Sambucus nigra,Sambucus nigra,Sambucus,SANI4,1,8.5,,,,,,,,,,
RUF023_T004,RUF023,single_household,Picea pungens,Picea pungens,Picea,PIPU,1,26,,,,,,,,,,
RUF023_T005,RUF023,single_household,Prunus laurocerasus,Prunus laurocerasus,Prunus,PRLA,5,18,,,,,,,,,,
RUF023_T006,RUF023,single_household,Sorbus aucuparia,Sorbus aucuparia,Sorbus,SOAU,5,20.6,,,,,,,,,,
RUF023_T007,RUF023,single_household,Sambucus nigra,Sambucus nigra,Sambucus,SANI4,1,9.3,,,,,,,,,,
RUF023_T008,RUF023,single_household,Sambucus nigra,Sambucus nigra,Sambucus,SANI4,2,12.4,,,,,,,,,,
RUF023_T009,RUF023,single_household,Prunus domestica,Prunus domestica,Prunus,PRDO,1,8.9,,,,,,,,,,
RUF023_T010,RUF023,single_household,Acer platanoides,Acer platanoides,Acer,ACPL,2,28.2,,,,,,,,,,
RUF023_T011,RUF023,single_household,Salix alba,Salix alba,Salix,SAAL4,1,36.5,,,,,,,,,,
RUF023_T012,RUF023,single_household,Syringa vulgaris,Syringa vulgaris,Syringa,SYVU,2,7.6,,,,,,,,,,
RUF023_T013,RUF023,single_household,Syringa vulgaris,Syringa vulgaris,Syringa,SYVU,1,6.6,,,,,,,,,,
RUF023_T014,RUF023,single_household,Syringa vulgaris,Syringa vulgaris,Syringa,SYVU,2,8.3,,,,,,,,,,
RUF023_T015,RUF023,single_household,Syringa vulgaris,Syringa vulgaris,Syringa,SYVU,2,8.8,,,,,,,,,,
RUF023_T016,RUF023,single_household,Syringa vulgaris,Syringa vulgaris,Syringa,SYVU,3,9.3,,,,,,,,,,
RUF023_T017,RUF023,single_household,Syringa vulgaris,Syringa vulgaris,Syringa,SYVU,1,6.4,,,,,,,,,,
RUF023_T018,RUF023,single_household,Syringa vulgaris,Syringa vulgaris,Syringa,SYVU,2,12.8,,,,,,,,,,
RUF023_T019,RUF023,single_household,Malus domestica,Malus domestica,Malus,MADO,1,15.4,,,,,,,,,,
RUF023_T020,RUF023,single_household,Syringa vulgaris,Syringa vulgaris,Syringa,SYVU,2,9.3,,,,,,,,,,
RUF023_T021,RUF023,single_household,Syringa vulgaris,Syringa vulgaris,Syringa,SYVU,1,5.3,,,,,,,,,,
RUF023_T022,RUF023,single_household,Syringa vulgaris,Syringa vulgaris,Syringa,SYVU,1,5.2,,,,,,,,,,
RUF023_T023,RUF023,single_household,Betula pendula,Betula pendula,Betula,BEPE,1,14.4,,,,,,,,,,
RUF023_T024,RUF023,single_household,Prunus laurocerasus,Prunus laurocerasus,Prunus,PRLA,3,13.4,,,,,,,,,,
RUF023_T025,RUF023,single_household,Prunus laurocerasus,Prunus laurocerasus,Prunus,PRLA,1,6.8,,,,,,,,,,
RUF023_T026,RUF023,single_household,Prunus laurocerasus,Prunus laurocerasus,Prunus,PRLA,1,5,,,,,,,,,,
RUF023_T027,RUF023,single_household,Prunus laurocerasus,Prunus laurocerasus,Prunus,PRLA,1,5.5,,,,,,,,,,
RUF024_T001,RUF024,single_household,Thuja occidentalis,Thuja occidentalis,Thuja,THOC,1,15,,,,,,,,,,
RUF024_T002,RUF024,single_household,Thuja occidentalis,Thuja occidentalis,Thuja,THOC,1,18,,,,,,,,,,
RUF024_T003,RUF024,single_household,Thuja occidentalis,Thuja occidentalis,Thuja,THOC,1,13,,,,,,,,,,
RUF024_T004,RUF024,single_household,Thuja occidentalis,Thuja occidentalis,Thuja,THOC,1,12,,,,,,,,,,
RUF024_T005,RUF024,single_household,Prunus laurocerasus,Prunus laurocerasus,Prunus,PRLA,1,6,,,,,,,,,,
RUF024_T006,RUF024,single_household,Prunus laurocerasus,Prunus laurocerasus,Prunus,PRLA,1,7,,,,,,,,,,
RUF024_T007,RUF024,single_household,Prunus laurocerasus,Prunus laurocerasus,Prunus,PRLA,1,11,,,,,,,,,,
RUF024_T008,RUF024,single_household,Prunus laurocerasus,Prunus laurocerasus,Prunus,PRLA,1,5,,,,,,,,,,
RUF024_T009,RUF024,single_household,Prunus laurocerasus,Prunus laurocerasus,Prunus,PRLA,1,8,,,,,,,,,,
RUF024_T010,RUF024,single_household,Prunus laurocerasus,Prunus laurocerasus,Prunus,PRLA,1,15,,,,,,,,,,
RUF024_T011,RUF024,single_household,Prunus laurocerasus,Prunus laurocerasus,Prunus,PRLA,1,11,,,,,,,,,,
RUF024_T012,RUF024,single_household,Malus 'John Downie',Malus sp.,Malus,MA2,1,7,,,,,,,,,,
RUF025_T001,RUF025,single_household,Picea glauca,Picea glauca,Picea,PIGL1,1,22.8,,,,,,,,,,
RUF025_T002,RUF025,single_household,Picea glauca,Picea glauca,Picea,PIGL1,1,23.3,,,,,,,,,,
RUF025_T003,RUF025,single_household,Sorbus aucuparia,Sorbus aucuparia,Sorbus,SOAU,1,48.5,,,,,,,,,,
RUF025_T004,RUF025,single_household,Aralia elata,Aralia elata,Aralia,AREL8,1,10.6,,,,,,,,,,
RUF025_T005,RUF025,single_household,Malus domestica,Malus domestica,Malus,MADO,4,12.7,,,,,,,,,,
RUF025_T006,RUF025,single_household,Malus domestica,Malus domestica,Malus,MADO,1,5.4,,,,,,,,,,
RUF025_T007,RUF025,single_household,Malus domestica,Malus domestica,Malus,MADO,4,28.5,,,,,,,,,,
RUF025_T008,RUF025,single_household,Rhus typhina,Rhus typhina,Rhus,RHSP,1,14.8,,,,,,,,,,
RUF025_T009,RUF025,single_household,Cedrus atlantica 'Glauca',Cedrus atlantica,Cedrus,CEAT,1,38.6,,,,,,,,,,
RUF025_T010,RUF025,single_household,Syringa vulgaris,Syringa vulgaris,Syringa,SYVU,2,8.4,,,,,,,,,,
RUF026_T001,RUF026,multi_household,,Acer platanoides,Acer,ACPL,1,25.5,6.9000001,1.7,8.3999996,8.6999998,4,33,0,FALSE,4.0999999,100
RUF026_T002,RUF026,multi_household,,Sorbus aucuparia,Sorbus,SOAU,3,22.3,8.1000004,2.4000001,6.3000002,5,3,28,13,FALSE,1.7,273
RUF027_T001,RUF027,single_household,Salix alba,Salix alba,Salix,SAAL4,2,36.6,,,,,,,,,,
RUF027_T002,RUF027,single_household,Prunus domestica,Prunus domestica,Prunus,PRDO,1,29.9,,,,,,,,,,
RUF027_T003,RUF027,single_household,Prunus domestica,Prunus domestica,Prunus,PRDO,1,13.3,,,,,,,,,,
RUF027_T004,RUF027,single_household,Prunus avium,Prunus avium,Prunus,PRAV,3,56.9,,,,,,,,,,
RUF027_T005,RUF027,single_household,Prunus avium,Prunus avium,Prunus,PRAV,3,30.8,,,,,,,,,,
RUF027_T006,RUF027,single_household,Betula pendula,Betula pendula,Betula,BEPE,1,16.6,,,,,,,,,,
RUF028_T001,RUF028,single_household,Prunus domestica,Prunus domestica,Prunus,PRDO,3,29.7,,,,,,,,,,
RUF031_T001,RUF031,single_household,Malus domestica,Malus domestica,Malus,MADO,5,41.8,,,,,,,,,,
RUF031_T002,RUF031,single_household,Prunus avium,Prunus avium,Prunus,PRAV,1,9,,,,,,,,,,
RUF031_T003,RUF031,single_household,Pyrus communis,Pyrus communis,Pyrus,PYCO,1,58.8,,,,,,,,,,
RUF031_T004,RUF031,single_household,Malus domestica,Malus domestica,Malus,MADO,1,15.1,,,,,,,,,,
RUF031_T005,RUF031,single_household,Pyrus communis,Pyrus communis,Pyrus,PYCO,2,22.8,,,,,,,,,,
RUF031_T006,RUF031,single_household,Pyrus communis,Pyrus communis,Pyrus,PYCO,2,24.8,,,,,,,,,,
RUF031_T007,RUF031,single_household,Sambucus nigra,Sambucus nigra,Sambucus,SANI4,1,12.5,,,,,,,,,,
RUF032_T001,RUF032,multi_household,,Malus domestica,Malus,MADO,2,41.2,8.1000004,1.9,9.6000004,9.1999998,4,8,8,FALSE,4.1999998,317
RUF033_T001,RUF033,multi_household,,Prunus avium,Prunus,PRAV,1,24.4,11.6,2.2,7.9000001,6.5999999,3,33,0,FALSE,3.4000001,60
RUF033_T002,RUF033,multi_household,,Prunus avium,Prunus,PRAV,1,29.4,12.2,4,7.4000001,8.1999998,1,33,0,FALSE,4.5,107
RUF033_T003,RUF033,multi_household,,Prunus avium,Prunus,PRAV,1,29.5,12.8,2.5,9.3000002,8.3000002,3,43,0,FALSE,3.0999999,150
RUF034_T001,RUF034,single_household,Taxus baccata,Taxus baccata,Taxus,TABA,1,8.8,,,,,,,,,,
RUF034_T002,RUF034,single_household,Syringa vulgaris,Syringa vulgaris,Syringa,SYVU,1,7.8,,,,,,,,,,
RUF034_T003,RUF034,single_household,Thuja plicata,Thuja plicata,Thuja,THPL,2,7.4,,,,,,,,,,
RUF034_T004,RUF034,single_household,Prunus domestica,Prunus domestica,Prunus,PRDO,3,15.7,,,,,,,,,,
RUF034_T005,RUF034,single_household,Thuja occidentalis,Thuja occidentalis,Thuja,THOC,1,36,,,,,,,,,,
RUF034_T006,RUF034,single_household,Thuja occidentalis,Thuja occidentalis,Thuja,THOC,2,39.9,,,,,,,,,,
RUF034_T007,RUF034,single_household,Malus domestica,Malus domestica,Malus,MADO,5,26,,,,,,,,,,
RUF034_T008,RUF034,single_household,Thuja occidentalis,Thuja occidentalis,Thuja,THOC,1,23.2,,,,,,,,,,
RUF034_T009,RUF034,single_household,Malus domestica,Malus domestica,Malus,MADO,1,10.8,,,,,,,,,,
RUF034_T010,RUF034,single_household,Prunus domestica,Prunus domestica,Prunus,PRDO,4,13.8,,,,,,,,,,
RUF034_T011,RUF034,single_household,Prunus domestica,Prunus domestica,Prunus,PRDO,2,13.8,,,,,,,,,,
RUF034_T012,RUF034,single_household,Juniperus,Juniperus sp.,Juniperus,JU,1,7.5,,,,,,,,,,
RUF034_T013,RUF034,single_household,Prunus domestica,Prunus domestica,Prunus,PRDO,2,15.7,,,,,,,,,,
RUF034_T014,RUF034,single_household,Thuja occidentalis,Thuja occidentalis,Thuja,THOC,1,23.8,,,,,,,,,,
RUF034_T015,RUF034,single_household,Thuja occidentalis,Thuja occidentalis,Thuja,THOC,1,23.2,,,,,,,,,,
RUF034_T016,RUF034,single_household,Malus domestica,Malus domestica,Malus,MADO,1,13.9,,,,,,,,,,
RUF034_T017,RUF034,single_household,Juniperus,Juniperus sp.,Juniperus,JU,3,10.1,,,,,,,,,,
RUF034_T018,RUF034,single_household,Juniperus,Juniperus sp.,Juniperus,JU,1,5.2,,,,,,,,,,
RUF034_T019,RUF034,single_household,Taxus baccata,Taxus baccata,Taxus,TABA,1,5.6,,,,,,,,,,
RUF034_T020,RUF034,single_household,Pyrus communis,Pyrus communis,Pyrus,PYCO,3,30.1,,,,,,,,,,
RUF034_T021,RUF034,single_household,Malus domestica,Malus domestica,Malus,MADO,3,31.2,,,,,,,,,,
RUF034_T022,RUF034,single_household,Malus domestica,Malus domestica,Malus,MADO,4,14.6,,,,,,,,,,
RUF034_T023,RUF034,single_household,Malus domestica,Malus domestica,Malus,MADO,3,9.9,,,,,,,,,,
RUF034_T024,RUF034,single_household,Taxus baccata,Taxus baccata,Taxus,TABA,1,7,,,,,,,,,,
RUF034_T025,RUF034,single_household,Taxus baccata,Taxus baccata,Taxus,TABA,1,5,,,,,,,,,,
RUF036_T001,RUF036,single_household,Syringa vulgaris,Syringa vulgaris,Syringa,SYVU,2,8.8,,,,,,,,,,
RUF036_T002,RUF036,single_household,Thuja occidentalis,Thuja occidentalis,Thuja,THOC,1,10.9,,,,,,,,,,
RUF037_T001,RUF037,single_household,Prunus domestica,Prunus domestica,Prunus,PRDO,2,17.4,,,,,,,,,,
RUF037_T002,RUF037,single_household,Malus domestica,Malus domestica,Malus,MADO,3,37.7,,,,,,,,,,
RUF037_T003,RUF037,single_household,Prunus avium,Prunus avium,Prunus,PRAV,2,34.7,,,,,,,,,,
RUF037_T004,RUF037,single_household,Syringa vulgaris,Syringa vulgaris,Syringa,SYVU,1,11.8,,,,,,,,,,
RUF037_T005,RUF037,single_household,Syringa vulgaris,Syringa vulgaris,Syringa,SYVU,1,10.4,,,,,,,,,,
RUF037_T006,RUF037,single_household,Syringa vulgaris,Syringa vulgaris,Syringa,SYVU,1,14.5,,,,,,,,,,
RUF037_T007,RUF037,single_household,Syringa vulgaris,Syringa vulgaris,Syringa,SYVU,1,9.8,,,,,,,,,,
RUF037_T008,RUF037,single_household,Syringa vulgaris,Syringa vulgaris,Syringa,SYVU,2,14.6,,,,,,,,,,
RUF037_T009,RUF037,single_household,Syringa vulgaris,Syringa vulgaris,Syringa,SYVU,2,8,,,,,,,,,,
RUF037_T010,RUF037,single_household,Syringa vulgaris,Syringa vulgaris,Syringa,SYVU,4,17.4,,,,,,,,,,
RUF038_T001,RUF038,single_household,Malus domestica,Malus domestica,Malus,MADO,1,10.2,,,,,,,,,,
RUF038_T002,RUF038,single_household,Thuja occidentalis,Thuja occidentalis,Thuja,THOC,3,16.6,,,,,,,,,,
RUF038_T003,RUF038,single_household,Malus domestica,Malus domestica,Malus,MADO,1,32.8,,,,,,,,,,
RUF039_T001,RUF039,single_household,Prunus serrulata,Prunus serrulata,Prunus,PRSE2,1,23,,,,,,,,,,
RUF039_T002,RUF039,single_household,Malus domestica,Malus domestica,Malus,MADO,2,33.2,,,,,,,,,,
RUF039_T003,RUF039,single_household,Malus domestica,Malus domestica,Malus,MADO,3,23.9,,,,,,,,,,
RUF039_T004,RUF039,single_household,Thuja occidentalis,Thuja occidentalis,Thuja,THOC,2,50.4,,,,,,,,,,
RUF039_T005,RUF039,single_household,Thuja occidentalis,Thuja occidentalis,Thuja,THOC,2,17,,,,,,,,,,
RUF039_T006,RUF039,single_household,Thuja occidentalis,Thuja occidentalis,Thuja,THOC,2,16.2,,,,,,,,,,
RUF039_T007,RUF039,single_household,Thuja occidentalis,Thuja occidentalis,Thuja,THOC,2,15.8,,,,,,,,,,
RUF039_T008,RUF039,single_household,Thuja occidentalis,Thuja occidentalis,Thuja,THOC,2,18.4,,,,,,,,,,
RUF039_T009,RUF039,single_household,Thuja occidentalis,Thuja occidentalis,Thuja,THOC,2,12,,,,,,,,,,
RUF039_T010,RUF039,single_household,Thuja occidentalis,Thuja occidentalis,Thuja,THOC,1,10,,,,,,,,,,
RUF039_T011,RUF039,single_household,Syringa vulgaris,Syringa vulgaris,Syringa,SYVU,5,16.2,,,,,,,,,,
RUF039_T012,RUF039,single_household,Viburnum opulus,Viburnum opulus,Viburnum,VIOP,2,7.8,,,,,,,,,,
RUF039_T013,RUF039,single_household,Thuja,Thuja sp.,Thuja,TH9,1,9,,,,,,,,,,
RUF039_T014,RUF039,single_household,Viburnum opulus,Viburnum opulus,Viburnum,VIOP,3,10.5,,,,,,,,,,
RUF039_T015,RUF039,single_household,Laburnum,Laburnum sp.,Laburnum,LAAN2,2,14.2,,,,,,,,,,
RUF039_T016,RUF039,single_household,Thuja occidentalis,Thuja occidentalis,Thuja,THOC,1,10,,,,,,,,,,
RUF039_T017,RUF039,single_household,Betula pendula,Betula pendula,Betula,BEPE,1,33,,,,,,,,,,
RUF039_T018,RUF039,single_household,Betula pendula,Betula pendula,Betula,BEPE,1,26,,,,,,,,,,
RUF039_T019,RUF039,single_household,Ulmus glabra,Ulmus glabra,Ulmus,ULGL,1,16,,,,,,,,,,
RUF041_T001,RUF041,single_household,Malus domestica,Malus domestica,Malus,MADO,2,12,,,,,,,,,,
RUF042_T001,RUF042,single_household,Malus domestica,Malus domestica,Malus,MADO,3,17.9,,,,,,,,,,
RUF042_T002,RUF042,single_household,Thuja occidentalis,Thuja occidentalis,Thuja,THOC,1,9,,,,,,,,,,
RUF042_T003,RUF042,single_household,Thuja occidentalis,Thuja occidentalis,Thuja,THOC,1,8,,,,,,,,,,
RUF042_T004,RUF042,single_household,Salix alba,Salix alba,Salix,SAAL4,1,47,,,,,,,,,,
RUF042_T005,RUF042,single_household,Prunus avium,Prunus avium,Prunus,PRAV,1,5,,,,,,,,,,
RUF042_T006,RUF042,single_household,Syringa vulgaris,Syringa vulgaris,Syringa,SYVU,1,14,,,,,,,,,,
RUF042_T007,RUF042,single_household,Thuja occidentalis,Thuja occidentalis,Thuja,THOC,1,23,,,,,,,,,,
RUF043_T001,RUF043,single_household,Thuja occidentalis,Thuja occidentalis,Thuja,THOC,3,12,,,,,,,,,,
RUF043_T002,RUF043,single_household,Cornus sanguinea,Cornus sanguinea,Cornus,COSA81,1,12.2,,,,,,,,,,
RUF043_T003,RUF043,single_household,Thuja occidentalis,Thuja occidentalis,Thuja,THOC,1,27.3,,,,,,,,,,
RUF043_T004,RUF043,single_household,Thuja occidentalis,Thuja occidentalis,Thuja,THOC,1,25.5,,,,,,,,,,
RUF043_T005,RUF043,single_household,Malus domestica,Malus domestica,Malus,MADO,1,23.2,,,,,,,,,,
RUF043_T006,RUF043,single_household,Prunus domestica,Prunus domestica,Prunus,PRDO,1,32.1,,,,,,,,,,
RUF046_T001,RUF046,single_household,Ilex aquifolium,Ilex aquifolium,Ilex,ILAQ,1,5.1,,,,,,,,,,
RUF046_T002,RUF046,single_household,Prunus domestica,Prunus domestica,Prunus,PRDO,1,6.2,,,,,,,,,,
RUF046_T003,RUF046,single_household,Juniperus chinensis,Juniperus chinensis,Juniperus,JUCH,1,13,,,,,,,,,,
RUF049_T001,RUF049,single_household,Malus domestica,Malus domestica,Malus,MADO,1,13.5,,,,,,,,,,
RUF052_T001,RUF052,multi_household,,Fraxinus excelsior,Fraxinus,FREX1,1,14.2,2.8,1.3,4.6999998,4.1999998,4,0,8,FALSE,4.1999998,38
RUF052_T002,RUF052,multi_household,,Prunus domestica,Prunus,PRDO,4,30.2,8.1999998,1.7,10.8,9.8000002,4,0,0,FALSE,3,174
RUF053_T001,RUF053,single_household,Taxus baccata,Taxus baccata,Taxus,TABA,3,35.6,,,,,,,,,,
RUF053_T002,RUF053,single_household,Prunus laurocerasus,Prunus laurocerasus,Prunus,PRLA,5,17.3,,,,,,,,,,
RUF053_T003,RUF053,single_household,Malus domestica,Malus domestica,Malus,MADO,1,91,,,,,,,,,,
RUF053_T004,RUF053,single_household,Fagus sylvatica,Fagus sylvatica,Fagus,FASY,1,87,,,,,,,,,,
RUF053_T005,RUF053,single_household,Sambucus nigra,Sambucus nigra,Sambucus,SANI4,2,30.6,,,,,,,,,,
RUF053_T006,RUF053,single_household,Chamaecyparis lawsoniana,Chamaecyparis lawsoniana,Chamaecyparis,CHLA2,1,7,,,,,,,,,,
RUF053_T007,RUF053,single_household,Chamaecyparis lawsoniana,Chamaecyparis lawsoniana,Chamaecyparis,CHLA2,1,9,,,,,,,,,,
RUF053_T008,RUF053,single_household,Larix decidua,Larix decidua,Larix,LADE,1,25,,,,,,,,,,
RUF053_T009,RUF053,single_household,Sambucus nigra,Sambucus nigra,Sambucus,SANI4,1,10,,,,,,,,,,
RUF053_T010,RUF053,single_household,Chamaecyparis lawsoniana,Chamaecyparis lawsoniana,Chamaecyparis,CHLA2,1,7,,,,,,,,,,
RUF053_T011,RUF053,single_household,Chamaecyparis lawsoniana,Chamaecyparis lawsoniana,Chamaecyparis,CHLA2,1,8,,,,,,,,,,
RUF053_T012,RUF053,single_household,Chamaecyparis lawsoniana,Chamaecyparis lawsoniana,Chamaecyparis,CHLA2,1,5.6,,,,,,,,,,
RUF053_T013,RUF053,single_household,Chamaecyparis lawsoniana,Chamaecyparis lawsoniana,Chamaecyparis,CHLA2,1,5.5,,,,,,,,,,
RUF053_T014,RUF053,single_household,Chamaecyparis lawsoniana,Chamaecyparis lawsoniana,Chamaecyparis,CHLA2,1,5.1,,,,,,,,,,
RUF053_T015,RUF053,single_household,Chamaecyparis lawsoniana,Chamaecyparis lawsoniana,Chamaecyparis,CHLA2,1,5.9,,,,,,,,,,
RUF053_T016,RUF053,single_household,Juniperus chinensis,Juniperus chinensis,Juniperus,JUCH,1,5.3,,,,,,,,,,
RUF053_T017,RUF053,single_household,Chamaecyparis lawsoniana,Chamaecyparis lawsoniana,Chamaecyparis,CHLA2,1,12.4,,,,,,,,,,
RUF053_T018,RUF053,single_household,Juniperus chinensis,Juniperus chinensis,Juniperus,JUCH,1,6.8,,,,,,,,,,
RUF053_T019,RUF053,single_household,Juniperus chinensis,Juniperus chinensis,Juniperus,JUCH,1,5.4,,,,,,,,,,
RUF053_T020,RUF053,single_household,Chamaecyparis lawsoniana,Chamaecyparis lawsoniana,Chamaecyparis,CHLA2,1,12,,,,,,,,,,
RUF053_T021,RUF053,single_household,Chamaecyparis lawsoniana,Chamaecyparis lawsoniana,Chamaecyparis,CHLA2,1,5.2,,,,,,,,,,
RUF053_T022,RUF053,single_household,Juniperus chinensis,Juniperus chinensis,Juniperus,JUCH,1,5.4,,,,,,,,,,
RUF053_T023,RUF053,single_household,Chamaecyparis lawsoniana,Chamaecyparis lawsoniana,Chamaecyparis,CHLA2,1,5.8,,,,,,,,,,
RUF053_T024,RUF053,single_household,Chamaecyparis lawsoniana,Chamaecyparis lawsoniana,Chamaecyparis,CHLA2,1,8.5,,,,,,,,,,
RUF053_T025,RUF053,single_household,Chamaecyparis lawsoniana,Chamaecyparis lawsoniana,Chamaecyparis,CHLA2,1,6.4,,,,,,,,,,
RUF053_T026,RUF053,single_household,Juniperus chinensis,Juniperus chinensis,Juniperus,JUCH,1,8.2,,,,,,,,,,
RUF053_T027,RUF053,single_household,Chamaecyparis lawsoniana,Chamaecyparis lawsoniana,Chamaecyparis,CHLA2,1,8.3,,,,,,,,,,
RUF053_T028,RUF053,single_household,Chamaecyparis lawsoniana,Chamaecyparis lawsoniana,Chamaecyparis,CHLA2,1,9.9,,,,,,,,,,
RUF053_T029,RUF053,single_household,Chamaecyparis lawsoniana,Chamaecyparis lawsoniana,Chamaecyparis,CHLA2,1,6.5,,,,,,,,,,
RUF053_T030,RUF053,single_household,Chamaecyparis lawsoniana,Chamaecyparis lawsoniana,Chamaecyparis,CHLA2,1,7.8,,,,,,,,,,
RUF053_T031,RUF053,single_household,Chamaecyparis lawsoniana,Chamaecyparis lawsoniana,Chamaecyparis,CHLA2,2,9.5,,,,,,,,,,
RUF053_T032,RUF053,single_household,Chamaecyparis lawsoniana,Chamaecyparis lawsoniana,Chamaecyparis,CHLA2,1,5.9,,,,,,,,,,
RUF053_T033,RUF053,single_household,Chamaecyparis lawsoniana,Chamaecyparis lawsoniana,Chamaecyparis,CHLA2,1,5,,,,,,,,,,
RUF053_T034,RUF053,single_household,Juniperus chinensis,Juniperus chinensis,Juniperus,JUCH,1,5,,,,,,,,,,
RUF053_T035,RUF053,single_household,Picea abies,Picea abies,Picea,PIAB,1,11.2,,,,,,,,,,
RUF053_T036,RUF053,single_household,Prunus laurocerasus,Prunus laurocerasus,Prunus,PRLA,1,8.9,,,,,,,,,,
RUF056_T001,RUF056,single_household,Cupressus lawsoniana,Cupressus lawsoniana,Cupressus,CHLA2,4,15.7,,,,,,,,,,
RUF056_T002,RUF056,single_household,Taxus baccata,Taxus baccata,Taxus,TABA,3,11.8,,,,,,,,,,
RUF056_T003,RUF056,single_household,Picea glauca,Picea glauca,Picea,PIGL1,1,13.8,,,,,,,,,,
RUF056_T004,RUF056,single_household,Malus domestica,Malus domestica,Malus,MADO,3,18.6,,,,,,,,,,
RUF059_T001,RUF059,single_household,Malus domestica,Malus domestica,Malus,MADO,3,26.2,,,,,,,,,,
RUF059_T002,RUF059,single_household,Prunus domestica,Prunus domestica,Prunus,PRDO,3,9.3,,,,,,,,,,
RUF059_T003,RUF059,single_household,Prunus domestica,Prunus domestica,Prunus,PRDO,1,5,,,,,,,,,,
RUF062_T001,RUF062,single_household,Malus domestica,Malus domestica,Malus,MADO,1,26,,,,,,,,,,
RUF062_T002,RUF062,single_household,Fagus sylvatica,Fagus sylvatica,Fagus,FASY,1,68,,,,,,,,,,
RUF062_T003,RUF062,single_household,Ulmus glabra,Ulmus glabra,Ulmus,ULGL,1,16,,,,,,,,,,
RUF062_T004,RUF062,single_household,Sambucus nigra,Sambucus nigra,Sambucus,SANI4,1,23,,,,,,,,,,
RUF062_T005,RUF062,single_household,Syringa vulgaris,Syringa vulgaris,Syringa,SYVU,1,17,,,,,,,,,,
RUF062_T006,RUF062,single_household,Laburnum,Laburnum sp.,Laburnum,LA2,1,13,,,,,,,,,,
RUF062_T007,RUF062,single_household,Laburnum,Laburnum sp.,Laburnum,LA2,1,10,,,,,,,,,,
RUF062_T008,RUF062,single_household,Betula pendula,Betula pendula,Betula,BEPE,1,40,,,,,,,,,,
RUF062_T009,RUF062,single_household,Malus domestica,Malus domestica,Malus,MADO,2,19.8,,,,,,,,,,
RUF062_T010,RUF062,single_household,Malus domestica,Malus domestica,Malus,MADO,3,31.4,,,,,,,,,,
RUF062_T011,RUF062,single_household,Syringa vulgaris,Syringa vulgaris,Syringa,SYVU,1,13,,,,,,,,,,
RUF062_T012,RUF062,single_household,Malus domestica,Malus domestica,Malus,MADO,1,62,,,,,,,,,,
RUF062_T013,RUF062,single_household,Sorbus intermedia,Sorbus intermedia,Sorbus,SOIN,1,26,,,,,,,,,,
RUF062_T014,RUF062,single_household,Sambucus nigra,Sambucus nigra,Sambucus,SANI4,1,14,,,,,,,,,,
RUF062_T015,RUF062,single_household,Morus alba,Morus alba,Morus,MOAL,1,5,,,,,,,,,,
RUF062_T016,RUF062,single_household,Syringa vulgaris,Syringa vulgaris,Syringa,SYVU,4,15.4,,,,,,,,,,
RUF062_T017,RUF062,single_household,Sambucus nigra,Sambucus nigra,Sambucus,SANI4,1,29,,,,,,,,,,
RUF062_T018,RUF062,single_household,Syringa vulgaris,Syringa vulgaris,Syringa,SYVU,4,19.1,,,,,,,,,,
RUF062_T019,RUF062,single_household,Salix alba,Salix alba,Salix,SAAL4,1,40,,,,,,,,,,
RUF062_T020,RUF062,single_household,Salix alba,Salix alba,Salix,SAAL4,1,48,,,,,,,,,,
RUF063_T001,RUF063,single_household,Sorbus commixta 'Carmencita',Sorbus commixta,Sorbus,SOCO,1,11,,,,,,,,,,
RUF063_T002,RUF063,single_household,Malus domestica,Malus domestica,Malus,MADO,3,12.6,,,,,,,,,,
RUF063_T003,RUF063,single_household,Malus domestica,Malus domestica,Malus,MADO,5,19.5,,,,,,,,,,
RUF063_T004,RUF063,single_household,Prunus avium,Prunus avium,Prunus,PRAV,5,20.8,,,,,,,,,,
RUF063_T005,RUF063,single_household,Robinia pseudoacacia,Robinia pseudoacacia,Robinia,ROPS,1,10.2,,,,,,,,,,
RUF064_T001,RUF064,single_household,Betula pendula,Betula pendula,Betula,BEPE,2,30.4,,,,,,,,,,
RUF065_T001,RUF065,multi_household,,Prunus avium,Prunus,PRAV,1,45.4,7.1999998,2.9000001,9.1999998,8,4,0,0,FALSE,3.4000001,228
RUF069_T001,RUF069,single_household,Salix alba,Salix alba,Salix,SAAL4,1,53,,,,,,,,,,
RUF069_T002,RUF069,single_household,Malus domestica,Malus domestica,Malus,MADO,3,15,,,,,,,,,,
RUF069_T003,RUF069,single_household,Malus domestica,Malus domestica,Malus,MADO,1,7,,,,,,,,,,
RUF069_T004,RUF069,single_household,Malus domestica,Malus domestica,Malus,MADO,1,11,,,,,,,,,,
RUF069_T005,RUF069,single_household,Corylus avellana,Corylus avellana,Corylus,COAV,5,18.2,,,,,,,,,,
RUF069_T006,RUF069,single_household,Syringa vulgaris,Syringa vulgaris,Syringa,SYVU,3,19.3,,,,,,,,,,
RUF069_T007,RUF069,single_household,Syringa vulgaris,Syringa vulgaris,Syringa,SYVU,1,7,,,,,,,,,,
RUF069_T008,RUF069,single_household,Syringa vulgaris,Syringa vulgaris,Syringa,SYVU,1,13,,,,,,,,,,
RUF069_T009,RUF069,single_household,Syringa vulgaris,Syringa vulgaris,Syringa,SYVU,1,10,,,,,,,,,,
RUF069_T010,RUF069,single_household,Syringa vulgaris,Syringa vulgaris,Syringa,SYVU,1,5,,,,,,,,,,
RUF069_T011,RUF069,single_household,Juniperus chinensis,Juniperus chinensis,Juniperus,JUCH,5,20.2,,,,,,,,,,
RUF069_T012,RUF069,single_household,Juniperus chinensis,Juniperus chinensis,Juniperus,JUCH,5,28.3,,,,,,,,,,
RUF069_T013,RUF069,single_household,Ligustrum vulgare,Ligustrum vulgare,Ligustrum,LIVU,3,12.2,,,,,,,,,,
RUF072_T001,RUF072,multi_household,,Rhus typhina,Rhus,RHSP,4,11.3,3.4000001,2.4000001,2.9000001,2.8,3,43,53,FALSE,3.8,131
RUF073_T001,RUF073,single_household,Salix caprea,Salix caprea,Salix,SACA4,1,6,,,,,,,,,,
RUF073_T002,RUF073,single_household,Pyrus communis,Pyrus communis,Pyrus,PYCO,1,53.2,,,,,,,,,,
RUF073_T003,RUF073,single_household,Malus domestica,Malus domestica,Malus,MADO,1,42,,,,,,,,,,
RUF073_T004,RUF073,single_household,Prunus domestica,Prunus domestica,Prunus,PRDO,1,20.8,,,,,,,,,,
RUF073_T005,RUF073,single_household,Prunus cerasifera,Prunus cerasifera,Prunus,PRCE,2,9.8,,,,,,,,,,
RUF073_T006,RUF073,single_household,Pyrus communis,Pyrus communis,Pyrus,PYCO,1,46.1,,,,,,,,,,
RUF073_T007,RUF073,single_household,Thuja occidentalis,Thuja occidentalis,Thuja,THOC,2,12.8,,,,,,,,,,
RUF073_T008,RUF073,single_household,Syringa reticulata,Syringa reticulata,Syringa,SYRE,5,15.8,,,,,,,,,,
RUF074_T001,RUF074,single_household,Malus 'John Downie',Malus sp.,Malus,MADO,2,15.7,,,,,,,,,,
RUF074_T002,RUF074,single_household,Ilex aquifolium,Ilex aquifolium,Ilex,ILAQ,1,9,,,,,,,,,,
RUF074_T003,RUF074,single_household,Thuja occidentalis,Thuja occidentalis,Thuja,THOC,1,7.4,,,,,,,,,,
RUF074_T004,RUF074,single_household,Magnolia x soulangeana,Magnolia × soulangeana,Magnolia,MASO,5,16.1,,,,,,,,,,
RUF074_T005,RUF074,single_household,Syringa vulgaris,Syringa vulgaris,Syringa,SYVU,4,21,,,,,,,,,,
RUF074_T006,RUF074,single_household,Syringa vulgaris,Syringa vulgaris,Syringa,SYVU,4,14.4,,,,,,,,,,
RUF074_T007,RUF074,single_household,Syringa vulgaris,Syringa vulgaris,Syringa,SYVU,3,10.8,,,,,,,,,,
RUF074_T008,RUF074,single_household,Syringa vulgaris,Syringa vulgaris,Syringa,SYVU,5,14.3,,,,,,,,,,
RUF074_T009,RUF074,single_household,Prunus domestica,Prunus domestica,Prunus,PRDO,2,9.3,,,,,,,,,,
RUF074_T010,RUF074,single_household,Syringa vulgaris,Syringa vulgaris,Syringa,SYVU,2,7.8,,,,,,,,,,
RUF074_T011,RUF074,single_household,Syringa vulgaris,Syringa vulgaris,Syringa,SYVU,1,7,,,,,,,,,,
RUF076_T001,RUF076,single_household,Thuja occidentalis,Thuja occidentalis,Thuja,THOC,2,10.3,,,,,,,,,,
RUF076_T002,RUF076,single_household,Malus 'John Downie',Malus sp.,Malus,MA2,1,28,,,,,,,,,,
RUF078_T001,RUF078,single_household,Prunus domestica,Prunus domestica,Prunus,PRDO,3,12.2,,,,,,,,,,
RUF078_T002,RUF078,single_household,Prunus domestica,Prunus domestica,Prunus,PRDO,5,16.2,,,,,,,,,,
RUF078_T003,RUF078,single_household,Malus 'John Downie',Malus sp.,Malus,MADO,2,26.9,,,,,,,,,,
RUF078_T004,RUF078,single_household,Syringa vulgaris,Syringa vulgaris,Syringa,SYVU,5,20.3,,,,,,,,,,
RUF081_T001,RUF081,multi_household,,Prunus maackii,Prunus,PRMA,1,19.6,5.6999998,1.7,5.0999999,6.5,4,33,8,FALSE,3.5,288
RUF083_T001,RUF083,multi_household,,Sorbus aucuparia,Sorbus,SOAU,1,12.6,5.0999999,1,5.0999999,4.4000001,5,18,0,FALSE,5.3000002,73
RUF083_T002,RUF083,multi_household,,Thuja occidentalis,Thuja,THOC,1,6.6,1.7,0,1.1,1.1,1,23,0,FALSE,4.5,81
RUF083_T003,RUF083,multi_household,,Corylus avellana,Corylus,COAV,2,8.2,2,0.2,2.4000001,2.2,4,0,0,FALSE,1.8,221
RUF084_T001,RUF084,multi_household,,Sorbus aucuparia,Sorbus,SOAU,1,7.4,5,0.5,1.9,2.4000001,4,18,0,FALSE,1.4,36
RUF086_T001,RUF086,multi_household,,Sorbus aria,Sorbus,SOAR,1,26.1,10.6,2.2,8.6999998,11.8,4,13,0,FALSE,1.2,180
RUF086_T002,RUF086,multi_household,,Prunus cerasifera,Prunus,PRCE2,1,7.2,7.6999998,1.6,5.9000001,7.0999999,4,0,0,FALSE,5.1999998,190
RUF091_T001,RUF091,single_household,Malus domestica,Malus domestica,Malus,MADO,3,23.6,,,,,,,,,,
RUF091_T002,RUF091,single_household,Malus domestica,Malus domestica,Malus,MADO,1,18.5,,,,,,,,,,
RUF091_T003,RUF091,single_household,Malus domestica,Malus domestica,Malus,MADO,1,16,,,,,,,,,,
RUF091_T004,RUF091,single_household,Malus domestica,Malus domestica,Malus,MADO,1,26.2,,,,,,,,,,
RUF091_T005,RUF091,single_household,Prunus domestica,Prunus domestica,Prunus,PRDO,1,34.4,,,,,,,,,,
RUF091_T006,RUF091,single_household,Prunus avium,Prunus avium,Prunus,PRAV,1,21.7,,,,,,,,,,
RUF091_T007,RUF091,single_household,Malus domestica,Malus domestica,Malus,MADO,1,22.5,,,,,,,,,,
RUF091_T008,RUF091,single_household,Pyrus communis,Pyrus communis,Pyrus,PYCO,1,16.9,,,,,,,,,,
RUF091_T009,RUF091,single_household,Sambucus nigra,Sambucus nigra,Sambucus,SANI4,1,10.6,,,,,,,,,,
RUF092_T001,RUF092,single_household,Salix caprea 'Kilmarnock',Salix caprea,Salix,SACA4,1,24,,,,,,,,,,
RUF092_T002,RUF092,single_household,Syringa vulgaris,Syringa vulgaris,Syringa,SYVU,2,17.7,,,,,,,,,,
RUF092_T003,RUF092,single_household,Syringa vulgaris,Syringa vulgaris,Syringa,SYVU,2,13.9,,,,,,,,,,
RUF092_T004,RUF092,single_household,Thuja plicata,Thuja plicata,Thuja,THPL,1,17,,,,,,,,,,
RUF092_T005,RUF092,single_household,Fraxinus excelsior,Fraxinus excelsior,Fraxinus,FREX,1,12,,,,,,,,,,
RUF092_T006,RUF092,single_household,Laburnum,Laburnum sp.,Laburnum,LA2,1,12,,,,,,,,,,
RUF092_T007,RUF092,single_household,Laburnum,Laburnum sp.,Laburnum,LA2,2,10,,,,,,,,,,
RUF092_T008,RUF092,single_household,Laburnum,Laburnum sp.,Laburnum,LA2,2,10,,,,,,,,,,
RUF092_T009,RUF092,single_household,Laburnum,Laburnum sp.,Laburnum,LA2,2,7.8,,,,,,,,,,
RUF092_T010,RUF092,single_household,Laburnum,Laburnum sp.,Laburnum,LA2,1,6,,,,,,,,,,
RUF092_T011,RUF092,single_household,Syringa vulgaris,Syringa vulgaris,Syringa,SYVU,5,17.6,,,,,,,,,,
RUF092_T012,RUF092,single_household,Syringa vulgaris,Syringa vulgaris,Syringa,SYVU,4,17.8,,,,,,,,,,
RUF094_T001,RUF094,single_household,Prunus domestica,Prunus domestica,Prunus,PRDO,3,20.4,,,,,,,,,,
RUF094_T002,RUF094,single_household,Malus domestica,Malus domestica,Malus,MADO,2,14.3,,,,,,,,,,
RUF096_T001,RUF096,single_household,Aesculus hippocastanum,Aesculus hippocastanum,Aesculus,AEHI,1,49,,,,,,,,,,
RUF096_T002,RUF096,single_household,Prunus padus,Prunus padus,Prunus,PRPA,5,44.4,,,,,,,,,,
RUF096_T003,RUF096,single_household,Prunus avium,Prunus avium,Prunus,PRAV,5,47.7,,,,,,,,,,
RUF096_T004,RUF096,single_household,Malus domestica,Malus domestica,Malus,MADO,3,21.4,,,,,,,,,,
RUF097_T001,RUF097,single_household,Malus domestica,Malus domestica,Malus,MADO,2,17.5,,,,,,,,,,
RUF097_T002,RUF097,single_household,Malus domestica,Malus domestica,Malus,MADO,1,10.8,,,,,,,,,,
RUF097_T003,RUF097,single_household,Malus domestica,Malus domestica,Malus,MADO,1,12.8,,,,,,,,,,
RUF097_T004,RUF097,single_household,Prunus domestica,Prunus domestica,Prunus,PRDO,1,23,,,,,,,,,,
RUF097_T005,RUF097,single_household,Corylus avellana 'Contorta',Corylus avellana,Corylus,COAV,2,10.6,,,,,,,,,,
RUF097_T006,RUF097,single_household,Prunus avium,Prunus avium,Prunus,PRAV,5,41.9,,,,,,,,,,
RUF097_T007,RUF097,single_household,Malus domestica,Malus domestica,Malus,MADO,4,14,,,,,,,,,,
RUF097_T008,RUF097,single_household,Malus domestica,Malus domestica,Malus,MADO,3,13.2,,,,,,,,,,
RUF097_T009,RUF097,single_household,Malus domestica,Malus domestica,Malus,MADO,2,17.4,,,,,,,,,,
RUF097_T010,RUF097,single_household,Prunus domestica,Prunus domestica,Prunus,PRDO,1,6.7,,,,,,,,,,
RUF097_T011,RUF097,single_household,Fagus sylvatica,Fagus sylvatica,Fagus,FASY,1,39.1,,,,,,,,,,
RUF100_T001,RUF100,multi_household,,Prunus padus,Prunus,PRPA,1,9,7.4000001,1.7,4.6999998,3.8,2,43,0,FALSE,4.9000001,336
RUF100_T002,RUF100,multi_household,,Cornus mas,Cornus,COMA,3,11.4,5.1999998,1,6.4000001,5.5,1,43,43,FALSE,5.5,345
RUF101_T001,RUF101,single_household,Thuja occidentalis,Thuja occidentalis,Thuja,THOC,1,17.7,,,,,,,,,,
RUF101_T002,RUF101,single_household,Thuja occidentalis,Thuja occidentalis,Thuja,THOC,1,20.5,,,,,,,,,,
RUF101_T003,RUF101,single_household,Tilia cordata,Tilia cordata,Tilia,TICO,1,98.7,,,,,,,,,,
RUF101_T004,RUF101,single_household,Thuja occidentalis,Thuja occidentalis,Thuja,THOC,5,36.8,,,,,,,,,,
RUF101_T005,RUF101,single_household,Thuja occidentalis,Thuja occidentalis,Thuja,THOC,4,33.4,,,,,,,,,,
RUF102_T001,RUF102,multi_household,,Pterocarya fraxinifolia,Pterocarya,PTFR,1,33.5,15.2,2.4000001,5.9000001,7.8000002,2,43,0,FALSE,5.5,52
RUF102_T002,RUF102,multi_household,,Pterocarya fraxinifolia,Pterocarya,PTFR,1,36.6,15.8,2.4000001,8,11.6,4,0,0,FALSE,5.5999999,60
RUF103_T001,RUF103,single_household,Aesculus hippocastanum,Aesculus hippocastanum,Aesculus,AEHI,1,10.4,,,,,,,,,,
RUF103_T002,RUF103,single_household,Tilia cordata,Tilia cordata,Tilia,TICO,1,53,,,,,,,,,,
RUF103_T003,RUF103,single_household,Malus domestica,Malus domestica,Malus,MADO,1,16.8,,,,,,,,,,
RUF103_T004,RUF103,single_household,Tilia cordata,Tilia cordata,Tilia,TICO,1,72.1,,,,,,,,,,
RUF103_T005,RUF103,single_household,Prunus avium,Prunus avium,Prunus,PRAV,1,9.1,,,,,,,,,,
RUF103_T006,RUF103,single_household,Malus domestica,Malus domestica,Malus,MADO,1,12.3,,,,,,,,,,
RUF103_T007,RUF103,single_household,Malus domestica,Malus domestica,Malus,MADO,1,12.7,,,,,,,,,,
RUF103_T008,RUF103,single_household,Prunus avium,Prunus avium,Prunus,PRAV,1,72.5,,,,,,,,,,
RUF103_T009,RUF103,single_household,Sambucus nigra,Sambucus nigra,Sambucus,SANI4,1,5.5,,,,,,,,,,
RUF103_T010,RUF103,single_household,Prunus avium,Prunus avium,Prunus,PRAV,1,37,,,,,,,,,,
RUF103_T011,RUF103,single_household,Malus domestica,Malus domestica,Malus,MADO,1,12.4,,,,,,,,,,
RUF103_T012,RUF103,single_household,Prunus avium,Prunus avium,Prunus,PRAV,1,18,,,,,,,,,,
RUF103_T013,RUF103,single_household,Prunus domestica,Prunus domestica,Prunus,PRDO,3,24.3,,,,,,,,,,
RUF103_T014,RUF103,single_household,Sorbus,Sorbus sp.,Sorbus,SO,2,17.7,,,,,,,,,,
RUF104_T001,RUF104,single_household,Pyrus communis,Pyrus communis,Pyrus,PYCO,1,35.9,,,,,,,,,,
RUF104_T002,RUF104,single_household,Pyrus communis,Pyrus communis,Pyrus,PYCO,1,34.1,,,,,,,,,,
RUF104_T003,RUF104,single_household,Malus domestica,Malus domestica,Malus,MADO,1,34.9,,,,,,,,,,
RUF104_T004,RUF104,single_household,Malus domestica,Malus domestica,Malus,MADO,3,39.3,,,,,,,,,,
RUF104_T005,RUF104,single_household,Malus domestica,Malus domestica,Malus,MADO,3,15.9,,,,,,,,,,
RUF104_T006,RUF104,single_household,Malus domestica,Malus domestica,Malus,MADO,5,16.4,,,,,,,,,,
RUF104_T007,RUF104,single_household,Malus domestica,Malus domestica,Malus,MADO,2,27.6,,,,,,,,,,
RUF104_T008,RUF104,single_household,Malus domestica,Malus domestica,Malus,MADO,4,21.4,,,,,,,,,,
RUF104_T009,RUF104,single_household,Malus domestica,Malus domestica,Malus,MADO,4,16.9,,,,,,,,,,
RUF105_T001,RUF105,single_household,Malus domestica,Malus domestica,Malus,MADO,1,11,,,,,,,,,,
RUF105_T002,RUF105,single_household,Malus domestica,Malus domestica,Malus,MADO,4,16.1,,,,,,,,,,
RUF106_T001,RUF106,multi_household,,Tilia × europaea,Tilia,TIEU1,1,57.8,6,2.3,4.0999999,4.0999999,5,0,0,FALSE,4.9000001,89
RUF106_T002,RUF106,multi_household,,Pyrus communis,Pyrus,PYCO,1,10.8,6.1999998,2.3,2.9000001,2.8,5,0,0,FALSE,1.8,285
RUF107_T001,RUF107,multi_household,,Magnolia kobus,Magnolia,MAKO,4,14.9,3.3,1.2,4.1999998,4.5,5,13,0,FALSE,5.3000002,273
RUF108_T001,RUF108,multi_household,,Morus alba,Morus,MOAL,3,41.9,9.8999996,1.6,10.6,10.8,4,0,0,FALSE,5.1999998,245
RUF111_T001,RUF111,single_household,Acer pseudoplatanus,Acer pseudoplatanus,Acer,ACPS,1,9.6,,,,,,,,,,
RUF111_T002,RUF111,single_household,Acer pseudoplatanus,Acer pseudoplatanus,Acer,ACPS,1,10.8,,,,,,,,,,
RUF111_T003,RUF111,single_household,Ulmus glabra,Ulmus glabra,Ulmus,ULGL,1,10,,,,,,,,,,
RUF111_T004,RUF111,single_household,Juglans regia,Juglans regia,Juglans,JURE,1,25.9,,,,,,,,,,
RUF111_T005,RUF111,single_household,Caragana arborescens,Caragana arborescens,Caragana,CAAR,1,9.4,,,,,,,,,,
RUF111_T006,RUF111,single_household,Caragana arborescens,Caragana arborescens,Caragana,CAAR,1,5,,,,,,,,,,
RUF111_T007,RUF111,single_household,Malus domestica,Malus domestica,Malus,MADO,2,26.8,,,,,,,,,,
RUF111_T008,RUF111,single_household,Tilia platyphyllos,Tilia platyphyllos,Tilia,TIPL,1,5.8,,,,,,,,,,
RUF111_T009,RUF111,single_household,Prunus (Sato-zakura-Gruppen) 'Kanzan',Prunus sp.,Prunus,PRSE2,5,19.5,,,,,,,,,,
RUF111_T010,RUF111,single_household,Prunus avium,Prunus avium,Prunus,PRAV,5,45.3,,,,,,,,,,
RUF111_T011,RUF111,single_household,Taxus baccata,Taxus baccata,Taxus,TABA,2,13.3,,,,,,,,,,
RUF111_T012,RUF111,single_household,Sambucus nigra,Sambucus nigra,Sambucus,SANI4,1,16,,,,,,,,,,
RUF111_T013,RUF111,single_household,Taxus baccata,Taxus baccata,Taxus,TABA,2,13.1,,,,,,,,,,
RUF111_T014,RUF111,single_household,Sambucus nigra,Sambucus nigra,Sambucus,SANI4,2,10.1,,,,,,,,,,
RUF111_T015,RUF111,single_household,Pinus sylvestris,Pinus sylvestris,Pinus,PISY,1,21.3,,,,,,,,,,
RUF111_T016,RUF111,single_household,Taxus baccata,Taxus baccata,Taxus,TABA,1,10.9,,,,,,,,,,
RUF111_T017,RUF111,single_household,Pinus sylvestris,Pinus sylvestris,Pinus,PISY,1,20.8,,,,,,,,,,
RUF111_T018,RUF111,single_household,Juniperus communis,Juniperus communis,Juniperus,JUCO1,2,25,,,,,,,,,,
RUF111_T019,RUF111,single_household,Fraxinus excelsior,Fraxinus excelsior,Fraxinus,FREX,1,23.3,,,,,,,,,,
RUF114_T001,RUF114,multi_household,,Corylus avellana,Corylus,COAV,3,14.1,6,3,3.8,6.4000001,1,53,0,FALSE,3.4000001,8
RUF114_T002,RUF114,multi_household,,Salix caprea,Salix,SACA4,1,27.8,10.8,2.4000001,6.0999999,6.1999998,5,33,23,FALSE,5.0999999,75
RUF114_T003,RUF114,multi_household,,Corylus avellana,Corylus,COAV,2,9.9,4.6999998,2.5999999,4.0999999,4.8000002,1,43,0,FALSE,2.9000001,153
RUF114_T004,RUF114,multi_household,,Corylus avellana,Corylus,COAV,5,16.2,7.8000002,2.3,3.8,4.8000002,2,23,0,FALSE,4.1999998,161
RUF114_T005,RUF114,multi_household,,Crataegus laevigata,Crataegus,CRLA80,1,9.5,4.6999998,2.7,3.5,3.8,2,53,0,FALSE,2,187
RUF114_T006,RUF114,multi_household,,Crataegus laevigata,Crataegus,CRLA80,1,9.1,4.9000001,2.3,5.0999999,3.8,2,63,0,FALSE,2.5,274
RUF114_T007,RUF114,multi_household,,Corylus avellana,Corylus,COAV,5,19.2,6.5,2.7,5.4000001,5.4000001,2,43,0,FALSE,2.4000001,
RUF114_T008,RUF114,multi_household,,Crataegus laevigata,Crataegus,CRLA80,1,12.1,5,1.9,3.0999999,5.9000001,1,53,0,FALSE,3.3,
RUF114_T009,RUF114,multi_household,,Corylus avellana,Corylus,COAV,3,9.3,4.4000001,2.5,4.9000001,2.8,1,53,0,FALSE,3.4000001,
RUF115_T001,RUF115,single_household,Syringa vulgaris,Syringa vulgaris,Syringa,SYVU,2,13,,,,,,,,,,
RUF115_T002,RUF115,single_household,Syringa vulgaris,Syringa vulgaris,Syringa,SYVU,5,14.6,,,,,,,,,,
RUF115_T003,RUF115,single_household,Viburnum,Viburnum sp.,Viburnum,VISP2,2,10.6,,,,,,,,,,
RUF115_T004,RUF115,single_household,Malus domestica,Malus domestica,Malus,MADO,1,18,,,,,,,,,,
RUF115_T005,RUF115,single_household,Pyrus communis,Pyrus communis,Pyrus,PYCO,1,11,,,,,,,,,,
RUF115_T006,RUF115,single_household,Prunus persica,Prunus persica,Prunus,PRPE2,1,5,,,,,,,,,,
RUF115_T007,RUF115,single_household,Malus domestica,Malus domestica,Malus,MADO,1,42,,,,,,,,,,
RUF115_T008,RUF115,single_household,Thuja occidentalis,Thuja occidentalis,Thuja,THOC,2,13,,,,,,,,,,
RUF116_T001,RUF116,single_household,Magnolia x soulangeana,Magnolia × soulangeana,Magnolia,MASO,1,5.1,,,,,,,,,,
RUF116_T002,RUF116,single_household,Malus domestica,Malus domestica,Malus,MADO,3,28.4,,,,,,,,,,
RUF116_T003,RUF116,single_household,Salix x sepulcralis 'Chrysocoma',Salix × sepulcralis,Salix,SABA,1,67.5,,,,,,,,,,
RUF116_T004,RUF116,single_household,Syringa vulgaris,Syringa vulgaris,Syringa,SYVU,3,15.7,,,,,,,,,,
RUF116_T005,RUF116,single_household,Cercis siliquastrum,Cercis siliquastrum,Cercis,CESI2,2,8.9,,,,,,,,,,
RUF116_T006,RUF116,single_household,Aesculus hippocastanum,Aesculus hippocastanum,Aesculus,AEHI,1,44.4,,,,,,,,,,
RUF117_T001,RUF117,single_household,Chamaecyparis lawsoniana,Chamaecyparis lawsoniana,Chamaecyparis,CHLA2,5,17.3,,,,,,,,,,
RUF117_T002,RUF117,single_household,Thuja plicata,Thuja plicata,Thuja,THPL,2,19.2,,,,,,,,,,
RUF119_T001,RUF119,single_household,Taxus baccata,Taxus baccata,Taxus,TABA,1,8.9,,,,,,,,,,
RUF119_T002,RUF119,single_household,Taxus baccata,Taxus baccata,Taxus,TABA,1,9.2,,,,,,,,,,
RUF119_T003,RUF119,single_household,Pyrus communis,Pyrus communis,Pyrus,PYCO,1,15.5,,,,,,,,,,
RUF119_T004,RUF119,single_household,Malus domestica,Malus domestica,Malus,MADO,2,18.1,,,,,,,,,,
RUF119_T005,RUF119,single_household,Malus domestica,Malus domestica,Malus,MADO,2,10.9,,,,,,,,,,
RUF119_T006,RUF119,single_household,Pyrus communis,Pyrus communis,Pyrus,PYCO,1,10,,,,,,,,,,
RUF119_T007,RUF119,single_household,Pyrus communis,Pyrus communis,Pyrus,PYCO,1,8.6,,,,,,,,,,
RUF119_T008,RUF119,single_household,Malus domestica,Malus domestica,Malus,MADO,1,10.9,,,,,,,,,,
RUF119_T009,RUF119,single_household,Malus domestica,Malus domestica,Malus,MADO,1,15.7,,,,,,,,,,
RUF123_T001,RUF123,single_household,Malus domestica,Malus domestica,Malus,MADO,5,50.9,,,,,,,,,,
RUF123_T002,RUF123,single_household,Prunus domestica,Prunus domestica,Prunus,PRDO,3,31.3,,,,,,,,,,
RUF123_T003,RUF123,single_household,Sorbus intermedia,Sorbus intermedia,Sorbus,SOIN,1,14,,,,,,,,,,
RUF123_T004,RUF123,single_household,Prunus avium,Prunus avium,Prunus,PRAV,2,38.6,,,,,,,,,,
RUF123_T005,RUF123,single_household,Prunus avium,Prunus avium,Prunus,PRAV,1,22,,,,,,,,,,
RUF123_T006,RUF123,single_household,Malus domestica,Malus domestica,Malus,MADO,1,30,,,,,,,,,,
RUF123_T007,RUF123,single_household,Acer pseudoplatanus,Acer pseudoplatanus,Acer,ACPS,1,28,,,,,,,,,,
RUF123_T008,RUF123,single_household,Acer pseudoplatanus,Acer pseudoplatanus,Acer,ACPS,1,17.3,,,,,,,,,,
RUF123_T009,RUF123,single_household,Prunus avium,Prunus avium,Prunus,PRAV,1,56.5,,,,,,,,,,
RUF123_T010,RUF123,single_household,Prunus domestica,Prunus domestica,Prunus,PRDO,1,13.1,,,,,,,,,,
RUF123_T011,RUF123,single_household,Corylus avellana,Corylus avellana,Corylus,COAV,5,44.8,,,,,,,,,,
RUF123_T012,RUF123,single_household,Prunus avium,Prunus avium,Prunus,PRAV,1,34,,,,,,,,,,
RUF123_T013,RUF123,single_household,Prunus avium,Prunus avium,Prunus,PRAV,5,72.1,,,,,,,,,,
RUF123_T014,RUF123,single_household,Prunus avium,Prunus avium,Prunus,PRAV,1,14,,,,,,,,,,
RUF123_T015,RUF123,single_household,Prunus avium,Prunus avium,Prunus,PRAV,1,8.9,,,,,,,,,,
RUF123_T016,RUF123,single_household,Prunus domestica,Prunus domestica,Prunus,PRDO,1,21,,,,,,,,,,
RUF123_T017,RUF123,single_household,Malus domestica,Malus domestica,Malus,MADO,3,18.1,,,,,,,,,,
RUF123_T018,RUF123,single_household,Sambucus nigra,Sambucus nigra,Sambucus,SANI4,1,11,,,,,,,,,,
RUF123_T019,RUF123,single_household,Malus domestica,Malus domestica,Malus,MADO,1,22,,,,,,,,,,
RUF123_T020,RUF123,single_household,Malus domestica,Malus domestica,Malus,MADO,4,34.2,,,,,,,,,,
RUF123_T021,RUF123,single_household,Malus domestica,Malus domestica,Malus,MADO,1,25,,,,,,,,,,
RUF123_T022,RUF123,single_household,Laburnum anagyroides,Laburnum anagyroides,Laburnum,LAAN2,1,5.9,,,,,,,,,,
RUF123_T023,RUF123,single_household,Laburnum anagyroides,Laburnum anagyroides,Laburnum,LAAN2,1,11,,,,,,,,,,
RUF123_T024,RUF123,single_household,Laburnum anagyroides,Laburnum anagyroides,Laburnum,LAAN2,1,8,,,,,,,,,,
RUF123_T025,RUF123,single_household,Malus domestica,Malus domestica,Malus,MADO,1,44.2,,,,,,,,,,
RUF123_T026,RUF123,single_household,Ulmus glabra,Ulmus glabra,Ulmus,ULGL,1,16.4,,,,,,,,,,
RUF123_T027,RUF123,single_household,Pyrus communis,Pyrus communis,Pyrus,PYCO,3,42.3,,,,,,,,,,
RUF123_T028,RUF123,single_household,Prunus avium,Prunus avium,Prunus,PRAV,1,8.7,,,,,,,,,,
RUF123_T029,RUF123,single_household,Malus domestica,Malus domestica,Malus,MADO,2,21.9,,,,,,,,,,
RUF123_T030,RUF123,single_household,Syringa vulgaris,Syringa vulgaris,Syringa,SYVU,3,15.1,,,,,,,,,,
RUF123_T031,RUF123,single_household,Syringa vulgaris,Syringa vulgaris,Syringa,SYVU,1,10,,,,,,,,,,
RUF123_T032,RUF123,single_household,Syringa vulgaris,Syringa vulgaris,Syringa,SYVU,1,13.8,,,,,,,,,,
RUF123_T033,RUF123,single_household,Syringa vulgaris,Syringa vulgaris,Syringa,SYVU,2,18.4,,,,,,,,,,
RUF123_T034,RUF123,single_household,Syringa vulgaris,Syringa vulgaris,Syringa,SYVU,1,5,,,,,,,,,,
RUF124_T001,RUF124,single_household,Prunus avium,Prunus avium,Prunus,PRAV,5,40.8,,,,,,,,,,
RUF124_T002,RUF124,single_household,Prunus domestica,Prunus domestica,Prunus,PRDO,1,5.6,,,,,,,,,,
RUF124_T003,RUF124,single_household,Magnolia x soulangeana,Magnolia × soulangeana,Magnolia,MASO,3,10.6,,,,,,,,,,
RUF124_T004,RUF124,single_household,Picea pungens,Picea pungens,Picea,PIPU,1,5,,,,,,,,,,
RUF124_T005,RUF124,single_household,Picea pungens,Picea pungens,Picea,PIPU,1,5,,,,,,,,,,
RUF125_T001,RUF125,single_household,Cupressus lawsoniana,Cupressus lawsoniana,Cupressus,CHLA2,2,7.8,,,,,,,,,,
RUF125_T002,RUF125,single_household,Thuja occidentalis,Thuja occidentalis,Thuja,THOC,3,10.5,,,,,,,,,,
RUF128_T001,RUF128,single_household,Thuja occidentalis,Thuja occidentalis,Thuja,THOC,1,8.6,,,,,,,,,,
RUF128_T002,RUF128,single_household,Thuja occidentalis,Thuja occidentalis,Thuja,THOC,1,13.7,,,,,,,,,,
RUF128_T003,RUF128,single_household,Pyrus communis,Pyrus communis,Pyrus,PYCO,3,38.9,,,,,,,,,,
RUF128_T004,RUF128,single_household,Betula pendula,Betula pendula,Betula,BEPE,1,21.4,,,,,,,,,,
RUF128_T005,RUF128,single_household,Malus domestica,Malus domestica,Malus,MADO,1,13.8,,,,,,,,,,
RUF128_T006,RUF128,single_household,Malus domestica,Malus domestica,Malus,MADO,1,5.9,,,,,,,,,,
RUF128_T007,RUF128,single_household,Malus domestica,Malus domestica,Malus,MADO,1,14.1,,,,,,,,,,
RUF129_T001,RUF129,single_household,Malus domestica,Malus domestica,Malus,MADO,1,5,,,,,,,,,,
RUF129_T002,RUF129,single_household,Prunus avium,Prunus avium,Prunus,PRAV,1,21,,,,,,,,,,
RUF129_T003,RUF129,single_household,Syringa vulgaris,Syringa vulgaris,Syringa,SYVU,1,8,,,,,,,,,,
RUF129_T004,RUF129,single_household,Taxus baccata,Taxus baccata,Taxus,TABA,2,20.6,,,,,,,,,,
RUF129_T005,RUF129,single_household,Malus domestica,Malus domestica,Malus,MADO,2,10.8,,,,,,,,,,
RUF129_T006,RUF129,single_household,Picea abies,Picea abies,Picea,PIAB,1,10,,,,,,,,,,
RUF129_T007,RUF129,single_household,Taxus baccata,Taxus baccata,Taxus,TABA,1,5,,,,,,,,,,
RUF130_T001,RUF130,single_household,Thuja occidentalis,Thuja occidentalis,Thuja,THOC,1,17.7,,,,,,,,,,
RUF130_T002,RUF130,single_household,Thuja occidentalis,Thuja occidentalis,Thuja,THOC,1,17.6,,,,,,,,,,
RUF130_T003,RUF130,single_household,Thuja occidentalis,Thuja occidentalis,Thuja,THOC,1,16.5,,,,,,,,,,
RUF130_T004,RUF130,single_household,Thuja occidentalis,Thuja occidentalis,Thuja,THOC,1,14.7,,,,,,,,,,
RUF130_T005,RUF130,single_household,Magnolia x soulangeana,Magnolia × soulangeana,Magnolia,MASO,1,12.6,,,,,,,,,,
RUF130_T006,RUF130,single_household,Prunus domestica,Prunus domestica,Prunus,MASO,5,21.1,,,,,,,,,,
RUF130_T007,RUF130,single_household,Thuja occidentalis,Thuja occidentalis,Thuja,THOC,5,17.7,,,,,,,,,,
RUF130_T008,RUF130,single_household,Prunus avium,Prunus avium,Prunus,PRAV,1,49.9,,,,,,,,,,
RUF130_T009,RUF130,single_household,Thuja occidentalis,Thuja occidentalis,Thuja,THOC,2,11.6,,,,,,,,,,
RUF130_T010,RUF130,single_household,Thuja occidentalis,Thuja occidentalis,Thuja,THOC,2,10.5,,,,,,,,,,
RUF131_T001,RUF131,single_household,Juniperus,Juniperus sp.,Juniperus,JU,2,19,,,,,,,,,,
RUF131_T002,RUF131,single_household,Prunus avium,Prunus avium,Prunus,PRAV,2,30.1,,,,,,,,,,
RUF131_T003,RUF131,single_household,Picea pungens,Picea pungens,Picea,PIPU,1,19.4,,,,,,,,,,
RUF131_T004,RUF131,single_household,Magnolia x soulangeana,Magnolia × soulangeana,Magnolia,MASO,1,14.6,,,,,,,,,,
RUF131_T005,RUF131,single_household,Malus domestica,Malus domestica,Malus,MADO,2,17.3,,,,,,,,,,
RUF131_T006,RUF131,single_household,Ilex aquifolium,Ilex aquifolium,Ilex,ILAQ,1,5,,,,,,,,,,
RUF132_T001,RUF132,single_household,Robinia pseudoacacia,Robinia pseudoacacia,Robinia,ROPS,1,20.9,,,,,,,,,,
RUF132_T002,RUF132,single_household,Acer pseudoplatanus,Acer pseudoplatanus,Acer,ACPS,1,6,,,,,,,,,,
RUF132_T003,RUF132,single_household,Acer campestre,Acer campestre,Acer,ACCA,1,7.7,,,,,,,,,,
RUF132_T004,RUF132,single_household,Acer pseudoplatanus,Acer pseudoplatanus,Acer,ACPS,1,12.3,,,,,,,,,,
RUF132_T005,RUF132,single_household,Acer campestre,Acer campestre,Acer,ACCA,1,19.8,,,,,,,,,,
RUF132_T006,RUF132,single_household,Ulmus glabra,Ulmus glabra,Ulmus,ULGL,1,7.2,,,,,,,,,,
RUF132_T007,RUF132,single_household,Syringa vulgaris,Syringa vulgaris,Syringa,SYVU,2,8.5,,,,,,,,,,
RUF132_T008,RUF132,single_household,Acer campestre,Acer campestre,Acer,ACCA,1,8.8,,,,,,,,,,
RUF132_T009,RUF132,single_household,Acer pseudoplatanus,Acer pseudoplatanus,Acer,ACPS,1,5.7,,,,,,,,,,
RUF132_T010,RUF132,single_household,Ulmus glabra,Ulmus glabra,Ulmus,ULGL,1,6.5,,,,,,,,,,
RUF132_T011,RUF132,single_household,Ulmus glabra,Ulmus glabra,Ulmus,ULGL,1,9,,,,,,,,,,
RUF132_T012,RUF132,single_household,Robinia pseudoacacia,Robinia pseudoacacia,Robinia,ROPS,1,29.7,,,,,,,,,,
RUF132_T013,RUF132,single_household,Acer campestre,Acer campestre,Acer,ACCA,1,54.1,,,,,,,,,,
RUF132_T014,RUF132,single_household,Salix x sepulcralis 'Chrysocoma',Salix × sepulcralis,Salix,SABA,2,83.7,,,,,,,,,,
RUF132_T015,RUF132,single_household,Ilex aquifolium,Ilex aquifolium,Ilex,ILAQ,1,17.2,,,,,,,,,,
RUF132_T016,RUF132,single_household,Sambucus nigra,Sambucus nigra,Sambucus,SANI4,2,9.5,,,,,,,,,,
RUF132_T017,RUF132,single_household,Acer campestre,Acer campestre,Acer,ACCA,1,26.8,,,,,,,,,,
RUF132_T018,RUF132,single_household,Syringa vulgaris,Syringa vulgaris,Syringa,SYVU,1,6.4,,,,,,,,,,
RUF132_T019,RUF132,single_household,Syringa vulgaris,Syringa vulgaris,Syringa,SYVU,2,8,,,,,,,,,,
RUF132_T020,RUF132,single_household,Syringa vulgaris,Syringa vulgaris,Syringa,SYVU,1,5.2,,,,,,,,,,
RUF132_T021,RUF132,single_household,Syringa vulgaris,Syringa vulgaris,Syringa,SYVU,1,5.5,,,,,,,,,,
RUF132_T022,RUF132,single_household,Syringa vulgaris,Syringa vulgaris,Syringa,SYVU,1,8.4,,,,,,,,,,
RUF132_T023,RUF132,single_household,Syringa vulgaris,Syringa vulgaris,Syringa,SYVU,3,10.7,,,,,,,,,,
RUF132_T024,RUF132,single_household,Ilex aquifolium,Ilex aquifolium,Ilex,ILAQ,3,27.7,,,,,,,,,,
RUF132_T025,RUF132,single_household,Prunus avium,Prunus avium,Prunus,PRAV,1,6.4,,,,,,,,,,
RUF132_T026,RUF132,single_household,Prunus avium,Prunus avium,Prunus,PRAV,1,17.8,,,,,,,,,,
RUF132_T027,RUF132,single_household,Prunus avium,Prunus avium,Prunus,PRAV,1,11,,,,,,,,,,
RUF134_T001,RUF134,single_household,Malus domestica,Malus domestica,Malus,MADO,2,14.5,,,,,,,,,,
RUF134_T002,RUF134,single_household,Malus domestica,Malus domestica,Malus,MADO,3,14.7,,,,,,,,,,
RUF134_T003,RUF134,single_household,Malus domestica,Malus domestica,Malus,MADO,1,20.5,,,,,,,,,,
RUF134_T004,RUF134,single_household,Malus domestica,Malus domestica,Malus,MADO,1,11.5,,,,,,,,,,
RUF134_T005,RUF134,single_household,Corylus avellana,Corylus avellana,Corylus,COAV,4,13,,,,,,,,,,
RUF135_T001,RUF135,single_household,Prunus Sato-zakura-Gruppen,Prunus sp.,Prunus,PRSE2,1,5.5,,,,,,,,,,
RUF136_T001,RUF136,multi_household,,Alnus sp.,Alnus,AL,1,6.2,3.8,1.8,2.2,2,5,23,0,FALSE,3.2,160
RUF136_T002,RUF136,multi_household,,Alnus sp.,Alnus,AL,1,6.6,4.5,1.7,2.4000001,2.5,4,13,0,FALSE,5.5999999,209
RUF136_T003,RUF136,multi_household,,Alnus sp.,Alnus,AL,1,6.8,4.4000001,1.8,2.8,2.3,3,33,0,FALSE,2.5,220
RUF136_T004,RUF136,multi_household,,Alnus sp.,Alnus,AL,1,7.7,5.3000002,1.9,2.5,2.3,4,33,0,FALSE,4.6999998,262
RUF137_T001,RUF137,single_household,Malus domestica,Malus domestica,Malus,MADO,1,17,,,,,,,,,,
RUF137_T002,RUF137,single_household,Pyrus salicifolia,Pyrus salicifolia,Pyrus,PYSA,1,11,,,,,,,,,,
RUF137_T003,RUF137,single_household,Malus domestica,Malus domestica,Malus,MADO,1,12,,,,,,,,,,
RUF137_T004,RUF137,single_household,Carpinus betulus,Carpinus betulus,Carpinus,CABE,1,18,,,,,,,,,,
RUF140_T001,RUF140,single_household,Prunus domestica,Prunus domestica,Prunus,PRDO,1,8.4,,,,,,,,,,
RUF140_T002,RUF140,single_household,Prunus domestica,Prunus domestica,Prunus,PRDO,1,20.5,,,,,,,,,,
RUF140_T003,RUF140,single_household,Prunus domestica,Prunus domestica,Prunus,PRDO,1,9.8,,,,,,,,,,
RUF140_T004,RUF140,single_household,Prunus domestica,Prunus domestica,Prunus,PRDO,1,35.3,,,,,,,,,,
RUF140_T005,RUF140,single_household,Prunus domestica,Prunus domestica,Prunus,PRDO,2,10.4,,,,,,,,,,
RUF140_T006,RUF140,single_household,Prunus domestica,Prunus domestica,Prunus,PRDO,1,14.2,,,,,,,,,,
RUF140_T007,RUF140,single_household,Malus domestica,Malus domestica,Malus,MADO,1,26.9,,,,,,,,,,
RUF140_T008,RUF140,single_household,Malus domestica,Malus domestica,Malus,MADO,3,28.4,,,,,,,,,,
RUF140_T009,RUF140,single_household,Pyrus communis,Pyrus communis,Pyrus,PYCO,2,22.8,,,,,,,,,,
RUF140_T010,RUF140,single_household,Pyrus communis,Pyrus communis,Pyrus,PYCO,1,21.9,,,,,,,,,,
RUF140_T011,RUF140,single_household,Prunus avium,Prunus avium,Prunus,PRAV,2,11.4,,,,,,,,,,
RUF140_T012,RUF140,single_household,Malus domestica,Malus domestica,Malus,MADO,1,7,,,,,,,,,,
RUF140_T013,RUF140,single_household,Syringa vulgaris,Syringa vulgaris,Syringa,SYVU,2,11,,,,,,,,,,
RUF140_T014,RUF140,single_household,Prunus domestica,Prunus domestica,Prunus,PRDO,3,20.5,,,,,,,,,,
RUF140_T015,RUF140,single_household,Prunus avium,Prunus avium,Prunus,PRAV,1,5.2,,,,,,,,,,
RUF143_T001,RUF143,single_household,Syringa vulgaris,Syringa vulgaris,Syringa,SYVU,1,6.8,,,,,,,,,,
RUF143_T002,RUF143,single_household,Prunus domestica,Prunus domestica,Prunus,PRDO,3,21.4,,,,,,,,,,
RUF143_T003,RUF143,single_household,Prunus avium,Prunus avium,Prunus,PRAV,1,43.4,,,,,,,,,,
RUF143_T004,RUF143,single_household,Pyrus communis,Pyrus communis,Pyrus,PYCO,1,6.6,,,,,,,,,,
RUF143_T005,RUF143,single_household,Malus domestica,Malus domestica,Malus,MADO,1,18.4,,,,,,,,,,
RUF143_T006,RUF143,single_household,Prunus avium,Prunus avium,Prunus,PRAV,1,13.8,,,,,,,,,,
RUF143_T007,RUF143,single_household,Malus domestica,Malus domestica,Malus,MADO,1,25.7,,,,,,,,,,
RUF143_T008,RUF143,single_household,Betula pendula,Betula pendula,Betula,BEPE,1,30.8,,,,,,,,,,
RUF143_T009,RUF143,single_household,Malus domestica,Malus domestica,Malus,MADO,2,36.3,,,,,,,,,,
RUF143_T010,RUF143,single_household,Malus domestica,Malus domestica,Malus,MADO,1,46.3,,,,,,,,,,
RUF144_T001,RUF144,single_household,Corylus avellana,Corylus avellana,Corylus,COAV,4,17.8,,,,,,,,,,
RUF149_T001,RUF149,multi_household,,Tilia cordata,Tilia,TICO,1,23.3,12.3,2.3,6.9000001,8.1999998,3,33,0,FALSE,3.3,131
RUF149_T002,RUF149,multi_household,,Carpinus betulus,Carpinus,CABE,1,17.8,13.1,5,4.5999999,3.0999999,2,23,0,FALSE,3,304
RUF149_T003,RUF149,multi_household,,Fagus sylvatica,Fagus,FASY,1,11.4,11.4,5.8000002,4,4.0999999,1,63,0,FALSE,4.5,335
RUF149_T004,RUF149,multi_household,,Acer tataricum,Acer,ACTA,1,10,10.5,5,2.2,2.8,1,43,0,FALSE,2.0999999,338
RUF150_T001,RUF150,single_household,Malus domestica,Malus domestica,Malus,MADO,1,33.4,,,,,,,,,,
RUF150_T002,RUF150,single_household,Malus domestica,Malus domestica,Malus,MADO,1,9.8,,,,,,,,,,
RUF150_T003,RUF150,single_household,Malus domestica,Malus domestica,Malus,MADO,1,9.6,,,,,,,,,,
RUF151_T001,RUF151,single_household,Crataegus laevigata,Crataegus laevigata,Crataegus,CRLA80,2,19.8,,,,,,,,,,
RUF151_T002,RUF151,single_household,Crataegus laevigata,Crataegus laevigata,Crataegus,CRLA80,1,8.8,,,,,,,,,,
RUF151_T003,RUF151,single_household,Sambucus nigra,Sambucus nigra,Sambucus,SANI4,2,10.7,,,,,,,,,,
RUF151_T004,RUF151,single_household,Ficus carica,Ficus carica,Ficus,FICA,3,9.4,,,,,,,,,,
RUF151_T005,RUF151,single_household,Malus domestica,Malus domestica,Malus,MADO,3,23.7,,,,,,,,,,
RUF152_T001,RUF152,single_household,Prunus avium,Prunus avium,Prunus,PRAV,2,14.8,,,,,,,,,,
RUF152_T002,RUF152,single_household,Malus domestica,Malus domestica,Malus,MADO,3,11,,,,,,,,,,
RUF152_T003,RUF152,single_household,Betula pendula,Betula pendula,Betula,BEPE,1,46.8,,,,,,,,,,
RUF152_T004,RUF152,single_household,Betula pendula,Betula pendula,Betula,BEPE,1,44.3,,,,,,,,,,
RUF152_T005,RUF152,single_household,Betula pendula,Betula pendula,Betula,BEPE,1,45.8,,,,,,,,,,
RUF152_T006,RUF152,single_household,Prunus domestica,Prunus domestica,Prunus,PRDO,1,9,,,,,,,,,,
RUF153_T001,RUF153,single_household,Betula pendula,Betula pendula,Betula,BEPE,1,40.7,,,,,,,,,,
RUF153_T002,RUF153,single_household,Malus domestica,Malus domestica,Malus,MADO,1,18.1,,,,,,,,,,
RUF153_T003,RUF153,single_household,Malus domestica,Malus domestica,Malus,MADO,2,40.1,,,,,,,,,,
RUF153_T004,RUF153,single_household,Malus domestica,Malus domestica,Malus,MADO,1,10.7,,,,,,,,,,
RUF153_T005,RUF153,single_household,Malus domestica,Malus domestica,Malus,MADO,4,22.2,,,,,,,,,,
RUF153_T006,RUF153,single_household,Malus domestica,Malus domestica,Malus,MADO,3,12,,,,,,,,,,
RUF153_T007,RUF153,single_household,Malus domestica,Malus domestica,Malus,MADO,5,20.9,,,,,,,,,,
RUF153_T008,RUF153,single_household,Malus domestica,Malus domestica,Malus,MADO,3,38.2,,,,,,,,,,
RUF153_T009,RUF153,single_household,Prunus avium,Prunus avium,Prunus,PRAV,1,9.3,,,,,,,,,,
RUF154_T001,RUF154,single_household,Picea omorika,Picea omorika,Picea,PIOM,1,12,,,,,,,,,,
RUF154_T002,RUF154,single_household,Picea omorika,Picea omorika,Picea,PIOM,1,16.5,,,,,,,,,,
RUF154_T003,RUF154,single_household,Picea omorika,Picea omorika,Picea,PIOM,1,14,,,,,,,,,,
RUF154_T004,RUF154,single_household,Picea omorika,Picea omorika,Picea,PIOM,1,17.1,,,,,,,,,,
RUF154_T005,RUF154,single_household,Picea omorika,Picea omorika,Picea,PIOM,1,14.2,,,,,,,,,,
RUF154_T006,RUF154,single_household,Picea omorika,Picea omorika,Picea,PIOM,1,15.2,,,,,,,,,,
RUF154_T007,RUF154,single_household,Picea omorika,Picea omorika,Picea,PIOM,1,19.7,,,,,,,,,,
RUF154_T008,RUF154,single_household,Picea omorika,Picea omorika,Picea,PIOM,1,16.9,,,,,,,,,,
RUF154_T009,RUF154,single_household,Picea omorika,Picea omorika,Picea,PIOM,1,17,,,,,,,,,,
RUF154_T010,RUF154,single_household,Picea omorika,Picea omorika,Picea,PIOM,1,14.2,,,,,,,,,,
RUF154_T011,RUF154,single_household,Picea omorika,Picea omorika,Picea,PIOM,1,18.9,,,,,,,,,,
RUF154_T012,RUF154,single_household,Picea omorika,Picea omorika,Picea,PIOM,1,11.1,,,,,,,,,,
RUF154_T013,RUF154,single_household,Picea omorika,Picea omorika,Picea,PIOM,1,20.2,,,,,,,,,,
RUF154_T014,RUF154,single_household,Picea omorika,Picea omorika,Picea,PIOM,1,18.4,,,,,,,,,,
RUF154_T015,RUF154,single_household,Picea omorika,Picea omorika,Picea,PIOM,1,19.2,,,,,,,,,,
RUF154_T016,RUF154,single_household,Picea omorika,Picea omorika,Picea,PIOM,1,15.2,,,,,,,,,,
RUF154_T017,RUF154,single_household,Picea omorika,Picea omorika,Picea,PIOM,1,17.9,,,,,,,,,,
RUF154_T018,RUF154,single_household,Picea omorika,Picea omorika,Picea,PIOM,1,19.4,,,,,,,,,,
RUF154_T019,RUF154,single_household,Picea omorika,Picea omorika,Picea,PIOM,1,20.2,,,,,,,,,,
RUF154_T020,RUF154,single_household,Picea omorika,Picea omorika,Picea,PIOM,1,21,,,,,,,,,,
RUF154_T021,RUF154,single_household,Picea omorika,Picea omorika,Picea,PIOM,1,22.6,,,,,,,,,,
RUF154_T022,RUF154,single_household,Picea omorika,Picea omorika,Picea,PIOM,1,11.3,,,,,,,,,,
RUF154_T023,RUF154,single_household,Picea omorika,Picea omorika,Picea,PIOM,1,17.6,,,,,,,,,,
RUF154_T024,RUF154,single_household,Picea omorika,Picea omorika,Picea,PIOM,1,15.6,,,,,,,,,,
RUF154_T025,RUF154,single_household,Picea omorika,Picea omorika,Picea,PIOM,1,18.8,,,,,,,,,,
RUF154_T026,RUF154,single_household,Picea omorika,Picea omorika,Picea,PIOM,1,20.9,,,,,,,,,,
RUF154_T027,RUF154,single_household,Picea omorika,Picea omorika,Picea,PIOM,1,17.8,,,,,,,,,,
RUF155_T001,RUF155,single_household,Malus domestica,Malus domestica,Malus,MADO,2,22.6,,,,,,,,,,
RUF155_T002,RUF155,single_household,Salix alba,Salix alba,Salix,SAAL4,1,31.7,,,,,,,,,,
RUF155_T003,RUF155,single_household,Thuja occidentalis,Thuja occidentalis,Thuja,THOC,2,13.9,,,,,,,,,,
RUF155_T004,RUF155,single_household,Thuja occidentalis,Thuja occidentalis,Thuja,THOC,1,16.1,,,,,,,,,,
RUF155_T005,RUF155,single_household,Thuja occidentalis,Thuja occidentalis,Thuja,THOC,1,8.6,,,,,,,,,,
RUF155_T006,RUF155,single_household,Thuja occidentalis,Thuja occidentalis,Thuja,THOC,2,20.5,,,,,,,,,,
RUF155_T007,RUF155,single_household,Thuja occidentalis,Thuja occidentalis,Thuja,THOC,3,17.8,,,,,,,,,,
RUF155_T008,RUF155,single_household,Thuja occidentalis,Thuja occidentalis,Thuja,THOC,3,11.7,,,,,,,,,,
RUF155_T009,RUF155,single_household,Thuja occidentalis,Thuja occidentalis,Thuja,THOC,1,12.2,,,,,,,,,,
RUF155_T010,RUF155,single_household,Thuja occidentalis,Thuja occidentalis,Thuja,THOC,2,14.7,,,,,,,,,,
RUF155_T011,RUF155,single_household,Thuja occidentalis,Thuja occidentalis,Thuja,THOC,2,10.9,,,,,,,,,,
RUF158_T001,RUF158,single_household,Malus domestica,Malus domestica,Malus,MADO,3,28.7,,,,,,,,,,
RUF158_T002,RUF158,single_household,Juglans regia,Juglans regia,Juglans,JURE,1,8,,,,,,,,,,
RUF158_T003,RUF158,single_household,Malus domestica,Malus domestica,Malus,MADO,1,8,,,,,,,,,,
RUF158_T004,RUF158,single_household,Juglans regia,Juglans regia,Juglans,JURE,1,26,,,,,,,,,,
RUF158_T005,RUF158,single_household,Juglans regia,Juglans regia,Juglans,JURE,1,21,,,,,,,,,,
RUF158_T006,RUF158,single_household,Juglans regia,Juglans regia,Juglans,JURE,1,23,,,,,,,,,,
RUF158_T007,RUF158,single_household,Malus domestica,Malus domestica,Malus,MADO,1,8,,,,,,,,,,
RUF158_T008,RUF158,single_household,Malus domestica,Malus domestica,Malus,MADO,1,6,,,,,,,,,,
RUF158_T009,RUF158,single_household,Prunus domestica,Prunus domestica,Prunus,PRDO,1,8,,,,,,,,,,
RUF158_T010,RUF158,single_household,Prunus domestica,Prunus domestica,Prunus,PRDO,2,17,,,,,,,,,,
RUF158_T011,RUF158,single_household,Prunus domestica,Prunus domestica,Prunus,PRDO,1,5,,,,,,,,,,
RUF158_T012,RUF158,single_household,Prunus domestica,Prunus domestica,Prunus,PRDO,1,6,,,,,,,,,,
RUF160_T001,RUF160,single_household,Laburnum anagyroides,Laburnum anagyroides,Laburnum,LAAN2,1,15.4,,,,,,,,,,
RUF161_T001,RUF161,single_household,Malus domestica,Malus domestica,Malus,MADO,1,22.1,,,,,,,,,,
RUF161_T002,RUF161,single_household,Prunus domestica,Prunus domestica,Prunus,PRDO,3,17.6,,,,,,,,,,
RUF161_T003,RUF161,single_household,Malus domestica,Malus domestica,Malus,MADO,3,17.6,,,,,,,,,,
RUF161_T004,RUF161,single_household,Larix decidua 'Horstmann recurved',Larix decidua,Larix,LADE,1,6.7,,,,,,,,,,
RUF162_T001,RUF162,single_household,Malus domestica,Malus domestica,Malus,MADO,3,22.8,,,,,,,,,,
RUF162_T002,RUF162,single_household,Syringa vulgaris,Syringa vulgaris,Syringa,SYVU,1,5,,,,,,,,,,
RUF162_T003,RUF162,single_household,Syringa vulgaris,Syringa vulgaris,Syringa,SYVU,1,6.4,,,,,,,,,,
RUF162_T004,RUF162,single_household,Syringa vulgaris,Syringa vulgaris,Syringa,SYVU,2,13.5,,,,,,,,,,
RUF162_T005,RUF162,single_household,Syringa vulgaris,Syringa vulgaris,Syringa,SYVU,5,17.5,,,,,,,,,,
RUF162_T006,RUF162,single_household,Aralia elata,Aralia elata,Aralia,AREL8,2,8.4,,,,,,,,,,
RUF162_T007,RUF162,single_household,Syringa vulgaris,Syringa vulgaris,Syringa,SYVU,5,15.6,,,,,,,,,,
RUF162_T008,RUF162,single_household,Corylus avellana,Corylus avellana,Corylus,COAV,4,31.7,,,,,,,,,,
RUF169_T001,RUF169,single_household,Malus domestica,Malus domestica,Malus,MADO,1,20.4,,,,,,,,,,
RUF169_T002,RUF169,single_household,Malus domestica,Malus domestica,Malus,MADO,1,18.1,,,,,,,,,,
RUF169_T003,RUF169,single_household,Pyrus communis,Pyrus communis,Pyrus,PYCO,1,20.8,,,,,,,,,,
RUF169_T004,RUF169,single_household,Syringa vulgaris,Syringa vulgaris,Syringa,SYVU,5,18,,,,,,,,,,
RUF169_T005,RUF169,single_household,Syringa vulgaris,Syringa vulgaris,Syringa,SYVU,5,16.3,,,,,,,,,,
RUF169_T006,RUF169,single_household,Pyrus communis,Pyrus communis,Pyrus,PYCO,3,42.3,,,,,,,,,,
RUF169_T007,RUF169,single_household,Prunus domestica ssp. insititia,Prunus domestica,Prunus,PRDO,1,39.7,,,,,,,,,,
RUF169_T008,RUF169,single_household,Malus domestica,Malus domestica,Malus,MADO,2,29.3,,,,,,,,,,
RUF171_T001,RUF171,single_household,Salix alba,Salix alba,Salix,SAAL4,1,71.3,,,,,,,,,,
RUF171_T002,RUF171,single_household,Betula pendula,Betula pendula,Betula,BEPE,1,47.8,,,,,,,,,,
RUF171_T003,RUF171,single_household,Pyrus communis,Pyrus communis,Pyrus,PYCO,3,20.8,,,,,,,,,,
RUF171_T004,RUF171,single_household,Pyrus communis,Pyrus communis,Pyrus,PYCO,3,12.2,,,,,,,,,,
RUF171_T005,RUF171,single_household,Pyrus communis,Pyrus communis,Pyrus,PYCO,4,26.9,,,,,,,,,,
RUF171_T006,RUF171,single_household,Pyrus communis,Pyrus communis,Pyrus,PYCO,1,24.2,,,,,,,,,,
RUF171_T007,RUF171,single_household,Malus domestica,Malus domestica,Malus,MADO,3,19.8,,,,,,,,,,
RUF171_T008,RUF171,single_household,Thuja occidentalis,Thuja occidentalis,Thuja,THOC,1,17.5,,,,,,,,,,
RUF171_T009,RUF171,single_household,Thuja occidentalis,Thuja occidentalis,Thuja,THOC,1,17.7,,,,,,,,,,
RUF171_T010,RUF171,single_household,Pinus sylvestris,Pinus sylvestris,Pinus,PISY,1,30.3,,,,,,,,,,
RUF171_T011,RUF171,single_household,Thuja occidentalis,Thuja occidentalis,Thuja,THOC,5,32.4,,,,,,,,,,
RUF171_T012,RUF171,single_household,Thuja occidentalis,Thuja occidentalis,Thuja,THOC,2,22,,,,,,,,,,
RUF171_T013,RUF171,single_household,Sambucus nigra,Sambucus nigra,Sambucus,SANI4,3,13.1,,,,,,,,,,
RUF171_T014,RUF171,single_household,Sorbus aucuparia,Sorbus aucuparia,Sorbus,SOAU,1,21.4,,,,,,,,,,
RUF174_T001,RUF174,single_household,Chamaecyparis lawsoniana,Chamaecyparis lawsoniana,Chamaecyparis,CHLA2,1,12,,,,,,,,,,
RUF174_T002,RUF174,single_household,Chamaecyparis lawsoniana,Chamaecyparis lawsoniana,Chamaecyparis,CHLA2,1,12,,,,,,,,,,
RUF174_T003,RUF174,single_household,Chamaecyparis lawsoniana,Chamaecyparis lawsoniana,Chamaecyparis,CHLA2,1,12,,,,,,,,,,
RUF174_T004,RUF174,single_household,Acer platanoides,Acer platanoides,Acer,ACPL,1,26,,,,,,,,,,
RUF174_T005,RUF174,single_household,Betula pendula,Betula pendula,Betula,BEPE,1,28.3,,,,,,,,,,
RUF174_T006,RUF174,single_household,Cupressus nootkatensis,Cupressus nootkatensis,Cupressus,CHNO,1,17.1,,,,,,,,,,
RUF174_T007,RUF174,single_household,Thuja,Thuja sp.,Thuja,TH9,1,24.2,,,,,,,,,,
RUF174_T008,RUF174,single_household,Betula pendula,Betula pendula,Betula,BEPE,1,21.9,,,,,,,,,,
RUF174_T009,RUF174,single_household,Taxus baccata,Taxus baccata,Taxus,TABA,1,16.5,,,,,,,,,,
RUF174_T010,RUF174,single_household,Taxus baccata,Taxus baccata,Taxus,TABA,2,16.6,,,,,,,,,,
RUF174_T011,RUF174,single_household,Thuja,Thuja sp.,Thuja,TH9,1,14.2,,,,,,,,,,
RUF175_T001,RUF175,single_household,Betula pendula,Betula pendula,Betula,BEPE,1,13.8,,,,,,,,,,
RUF178_T001,RUF178,single_household,Prunus Sato-zakura-Gruppen,Prunus sp.,Prunus,PRSE2,1,32.8,,,,,,,,,,
RUF178_T002,RUF178,single_household,Prunus Sato-zakura-Gruppen,Prunus sp.,Prunus,PRSE2,1,25.6,,,,,,,,,,
RUF179_T001,RUF179,multi_household,,Sorbus aria,Sorbus,SOAR,1,13.2,6.5999999,2.7,3.9000001,5.1999998,5,0,0,FALSE,2,110
RUF180_T001,RUF180,multi_household,,Prunus avium,Prunus,PRAV,1,32.8,12.2,3.5999999,6.0999999,5.5999999,2,73,0,FALSE,2.2,19
RUF180_T002,RUF180,multi_household,,Carpinus betulus,Carpinus,CABE,1,5.5,2.4000001,1,1.8,1.7,1,53,0,FALSE,4.1999998,317
RUF180_T003,RUF180,multi_household,,Carpinus betulus,Carpinus,CABE,1,6,4.3000002,3.0999999,1.7,3.3,1,83,0,FALSE,2.7,359
RUF181_T001,RUF181,single_household,Malus domestica,Malus domestica,Malus,MADO,2,19.2,,,,,,,,,,
RUF181_T002,RUF181,single_household,Prunus avium,Prunus avium,Prunus,PRAV,1,36.1,,,,,,,,,,
RUF181_T003,RUF181,single_household,Syringa vulgaris,Syringa vulgaris,Syringa,SYVU,1,6.4,,,,,,,,,,
RUF182_T001,RUF182,single_household,Sequoiadendron giganteum,Sequoiadendron giganteum,Sequoiadendron,SEGI,1,21.8,,,,,,,,,,
RUF182_T002,RUF182,single_household,Ilex aquifolium,Ilex aquifolium,Ilex,ILAQ,1,5.1,,,,,,,,,,
RUF182_T003,RUF182,single_household,Tilia platyphyllos,Tilia platyphyllos,Tilia,TIPL,1,62,,,,,,,,,,
RUF182_T004,RUF182,single_household,Malus domestica,Malus domestica,Malus,MADO,1,6,,,,,,,,,,
RUF182_T005,RUF182,single_household,Fagus sylvatica,Fagus sylvatica,Fagus,FASY,1,94.3,,,,,,,,,,
RUF182_T006,RUF182,single_household,Magnolia x soulangeana,Magnolia × soulangeana,Magnolia,MASO,1,6.1,,,,,,,,,,
RUF182_T007,RUF182,single_household,Acer platanoides,Acer platanoides,Acer,ACPL,1,9.2,,,,,,,,,,
RUF182_T008,RUF182,single_household,Acer platanoides,Acer platanoides,Acer,ACPL,1,8.8,,,,,,,,,,
RUF182_T009,RUF182,single_household,Acer platanoides,Acer platanoides,Acer,ACPL,1,15.5,,,,,,,,,,
RUF182_T010,RUF182,single_household,Acer platanoides,Acer platanoides,Acer,ACPL,1,11.2,,,,,,,,,,
RUF182_T011,RUF182,single_household,Acer platanoides,Acer platanoides,Acer,ACPL,1,7.1,,,,,,,,,,
RUF182_T012,RUF182,single_household,Fagus sylvatica,Fagus sylvatica,Fagus,FASY,1,86.2,,,,,,,,,,
RUF182_T013,RUF182,single_household,Acer platanoides,Acer platanoides,Acer,ACPL,1,7.3,,,,,,,,,,
RUF182_T014,RUF182,single_household,Acer platanoides,Acer platanoides,Acer,ACPL,1,10,,,,,,,,,,
RUF182_T015,RUF182,single_household,Acer platanoides,Acer platanoides,Acer,ACPL,1,5.5,,,,,,,,,,
RUF182_T016,RUF182,single_household,Acer platanoides,Acer platanoides,Acer,ACPL,1,5.6,,,,,,,,,,
RUF182_T017,RUF182,single_household,Fagus sylvatica,Fagus sylvatica,Fagus,FASY,1,91.5,,,,,,,,,,
RUF182_T018,RUF182,single_household,Acer platanoides,Acer platanoides,Acer,ACPL,1,11,,,,,,,,,,
RUF182_T019,RUF182,single_household,Cedrus atlantica,Cedrus atlantica,Cedrus,CEAT,1,49.8,,,,,,,,,,
RUF182_T020,RUF182,single_household,Fagus sylvatica,Fagus sylvatica,Fagus,FASY,1,8.4,,,,,,,,,,
RUF182_T021,RUF182,single_household,Pyrus communis,Pyrus communis,Pyrus,PYCO,1,5.3,,,,,,,,,,
RUF182_T022,RUF182,single_household,Fagus sylvatica,Fagus sylvatica,Fagus,FASY,1,6.8,,,,,,,,,,
RUF182_T023,RUF182,single_household,Pyrus salicifolia,Pyrus salicifolia,Pyrus,PYSA,1,5.6,,,,,,,,,,
RUF183_T001,RUF183,single_household,Magnolia x soulangeana,Magnolia × soulangeana,Magnolia,MASO,3,29.7,,,,,,,,,,
RUF183_T002,RUF183,single_household,Pyrus salicifolia,Pyrus salicifolia,Pyrus,PYSA,1,8.2,,,,,,,,,,
RUF185_T001,RUF185,single_household,Prunus cerasifera 'Nigra',Prunus cerasifera,Prunus,PRCE2,5,24.4,,,,,,,,,,
RUF187_T001,RUF187,single_household,Betula pendula,Betula pendula,Betula,BEPE,1,41.7,,,,,,,,,,
RUF187_T002,RUF187,single_household,Malus domestica,Malus domestica,Malus,MADO,2,7.4,,,,,,,,,,
RUF187_T003,RUF187,single_household,Tamarix,Tamarix sp.,Tamarix,TA2,5,21.6,,,,,,,,,,
RUF187_T004,RUF187,single_household,Prunus avium,Prunus avium,Prunus,PRAV,1,6,,,,,,,,,,
RUF188_T001,RUF188,single_household,Betula pendula,Betula pendula,Betula,BEPE,1,39,,,,,,,,,,
RUF188_T002,RUF188,single_household,Betula pendula,Betula pendula,Betula,BEPE,1,29,,,,,,,,,,
RUF188_T003,RUF188,single_household,Laburnum anagyroides,Laburnum anagyroides,Laburnum,LAAN2,1,17,,,,,,,,,,
RUF188_T004,RUF188,single_household,Prunus domestica,Prunus domestica,Prunus,PRDO,2,26.1,,,,,,,,,,
RUF188_T005,RUF188,single_household,Sorbus aucuparia,Sorbus aucuparia,Sorbus,SOAU,1,17,,,,,,,,,,
RUF188_T006,RUF188,single_household,Malus domestica,Malus domestica,Malus,MADO,2,20.5,,,,,,,,,,
RUF191_T001,RUF191,single_household,Prunus avium,Prunus avium,Prunus,PRAV,1,53,,,,,,,,,,
RUF191_T002,RUF191,single_household,Prunus avium,Prunus avium,Prunus,PRAV,2,54.2,,,,,,,,,,
RUF191_T003,RUF191,single_household,Thuja plicata,Thuja plicata,Thuja,THPL,1,21.3,,,,,,,,,,
RUF191_T004,RUF191,single_household,Sambucus nigra,Sambucus nigra,Sambucus,SANI4,4,16.4,,,,,,,,,,
RUF191_T005,RUF191,single_household,Prunus cerasifera,Prunus cerasifera,Prunus,PRCE,1,27.5,,,,,,,,,,
RUF191_T006,RUF191,single_household,Thuja plicata,Thuja plicata,Thuja,THPL,1,14,,,,,,,,,,
RUF191_T007,RUF191,single_household,Taxus baccata,Taxus baccata,Taxus,TABA,5,23.2,,,,,,,,,,
RUF191_T008,RUF191,single_household,Viburnum rhytidophyllum,Viburnum rhytidophyllum,Viburnum,VIRH,2,10.1,,,,,,,,,,
RUF191_T009,RUF191,single_household,Taxus baccata,Taxus baccata,Taxus,TABA,2,10.3,,,,,,,,,,
RUF191_T010,RUF191,single_household,Pinus nigra,Pinus nigra,Pinus,PINI,1,59.3,,,,,,,,,,
RUF191_T011,RUF191,single_household,Pinus nigra,Pinus nigra,Pinus,PINI,1,37.4,,,,,,,,,,
RUF191_T012,RUF191,single_household,Cotinus coggygria,Cotinus coggygria,Cotinus,COCO1,1,5.6,,,,,,,,,,
RUF191_T013,RUF191,single_household,Sambucus nigra,Sambucus nigra,Sambucus,SANI4,1,13.2,,,,,,,,,,
RUF191_T014,RUF191,single_household,Prunus padus,Prunus padus,Prunus,PRPA,2,8,,,,,,,,,,
RUF192_T001,RUF192,multi_household,,Acer platanoides,Acer,ACPL,1,8.7,5.1999998,2.0999999,1.3,1.7,5,33,63,FALSE,0,0
RUF194_T001,RUF194,single_household,Malus domestica,Malus domestica,Malus,MADO,1,22.5,,,,,,,,,,
RUF194_T002,RUF194,single_household,Malus domestica,Malus domestica,Malus,MADO,1,16.8,,,,,,,,,,
RUF194_T003,RUF194,single_household,Prunus domestica,Prunus domestica,Prunus,PRDO,2,37.1,,,,,,,,,,
RUF195_T001,RUF195,single_household,Picea abies,Picea abies,Picea,PIAB,1,7.9,,,,,,,,,,
RUF195_T002,RUF195,single_household,Betula pendula,Betula pendula,Betula,BEPE,1,41,,,,,,,,,,
RUF195_T003,RUF195,single_household,Thuja occidentalis,Thuja occidentalis,Thuja,THOC,5,58.8,,,,,,,,,,
RUF195_T004,RUF195,single_household,Malus domestica,Malus domestica,Malus,MADO,3,19.3,,,,,,,,,,
RUF195_T005,RUF195,single_household,Malus domestica,Malus domestica,Malus,MADO,3,12.9,,,,,,,,,,
RUF195_T006,RUF195,single_household,Malus domestica,Malus domestica,Malus,MADO,2,13.6,,,,,,,,,,
RUF195_T007,RUF195,single_household,Malus domestica,Malus domestica,Malus,MADO,1,6.1,,,,,,,,,,
RUF195_T008,RUF195,single_household,Prunus domestica,Prunus domestica,Prunus,PRDO,3,26,,,,,,,,,,
RUF195_T009,RUF195,single_household,Thuja occidentalis,Thuja occidentalis,Thuja,THOC,1,18.9,,,,,,,,,,
RUF195_T010,RUF195,single_household,Malus domestica,Malus domestica,Malus,MADO,5,24.5,,,,,,,,,,
RUF195_T011,RUF195,single_household,Picea abies,Picea abies,Picea,PIAB,1,29.1,,,,,,,,,,
RUF195_T012,RUF195,single_household,Juniperus chinensis,Juniperus chinensis,Juniperus,JUCH,3,12.9,,,,,,,,,,
RUF195_T013,RUF195,single_household,Picea abies,Picea abies,Picea,PIAB,1,32.9,,,,,,,,,,
RUF195_T014,RUF195,single_household,Taxus baccata,Taxus baccata,Taxus,TABA,3,23.7,,,,,,,,,,
RUF195_T015,RUF195,single_household,Syringa vulgaris,Syringa vulgaris,Syringa,SYVU,5,22,,,,,,,,,,
RUF195_T016,RUF195,single_household,Thuja occidentalis,Thuja occidentalis,Thuja,THOC,1,9.8,,,,,,,,,,
RUF195_T017,RUF195,single_household,Thuja occidentalis,Thuja occidentalis,Thuja,THOC,3,12.3,,,,,,,,,,
RUF197_T001,RUF197,single_household,Prunus domestica,Prunus domestica,Prunus,PRDO,2,29.8,,,,,,,,,,
RUF197_T002,RUF197,single_household,Picea abies,Picea abies,Picea,PIAB,1,42,,,,,,,,,,
RUF197_T003,RUF197,single_household,Prunus cerasifera,Prunus cerasifera,Prunus,PRCE,2,13.9,,,,,,,,,,
RUF197_T004,RUF197,single_household,Prunus cerasifera,Prunus cerasifera,Prunus,PRCE,1,10,,,,,,,,,,
RUF197_T005,RUF197,single_household,Prunus cerasifera,Prunus cerasifera,Prunus,PRCE,1,42,,,,,,,,,,
RUF197_T006,RUF197,single_household,Prunus cerasifera,Prunus cerasifera,Prunus,PRCE,1,20,,,,,,,,,,
RUF197_T007,RUF197,single_household,Prunus cerasifera,Prunus cerasifera,Prunus,PRCE,2,11.4,,,,,,,,,,
RUF197_T008,RUF197,single_household,Picea pungens 'Glauca',Picea pungens,Picea,PIPU,1,47,,,,,,,,,,
RUF197_T009,RUF197,single_household,Picea pungens 'Glauca',Picea pungens,Picea,PIPU,1,44,,,,,,,,,,
RUF197_T010,RUF197,single_household,Picea pungens 'Fastigiata',Picea pungens,Picea,PIPU,1,6,,,,,,,,,,
RUF197_T011,RUF197,single_household,Picea pungens 'Fastigiata',Picea pungens,Picea,PIPU,1,7,,,,,,,,,,
RUF197_T012,RUF197,single_household,Picea pungens 'Fastigiata',Picea pungens,Picea,PIPU,1,6,,,,,,,,,,
RUF197_T013,RUF197,single_household,Picea pungens 'Fastigiata',Picea pungens,Picea,PIPU,1,6,,,,,,,,,,
RUF198_T001,RUF198,single_household,Malus domestica,Malus domestica,Malus,MADO,1,19,,,,,,,,,,
RUF198_T002,RUF198,single_household,Syringa vulgaris,Syringa vulgaris,Syringa,SYVU,2,7.8,,,,,,,,,,
RUF198_T003,RUF198,single_household,Malus domestica,Malus domestica,Malus,MADO,2,21.9,,,,,,,,,,
RUF198_T004,RUF198,single_household,Malus domestica,Malus domestica,Malus,MADO,3,29.9,,,,,,,,,,
RUF198_T005,RUF198,single_household,Picea abies,Picea abies,Picea,PIAB,1,6,,,,,,,,,,
RUF198_T006,RUF198,single_household,Salix alba,Salix alba,Salix,SAAL4,1,46,,,,,,,,,,
RUF198_T007,RUF198,single_household,Malus domestica,Malus domestica,Malus,MADO,1,5,,,,,,,,,,
RUF199_T001,RUF199,single_household,Picea omorika,Picea omorika,Picea,PIOM,1,35.3,,,,,,,,,,
RUF199_T002,RUF199,single_household,Taxus baccata,Taxus baccata,Taxus,TABA,2,7.6,,,,,,,,,,
RUF199_T003,RUF199,single_household,Thuja occidentalis,Thuja occidentalis,Thuja,THOC,1,13,,,,,,,,,,
RUF199_T004,RUF199,single_household,Forsythia x intermedia,Forsythia × intermedia,Forsythia,FOIN3,1,6,,,,,,,,,,
RUF199_T005,RUF199,single_household,Thuja occidentalis,Thuja occidentalis,Thuja,THOC,2,21.3,,,,,,,,,,
RUF199_T006,RUF199,single_household,Picea glauca,Picea glauca,Picea,PIGL1,1,48.3,,,,,,,,,,
RUF199_T007,RUF199,single_household,Prunus domestica,Prunus domestica,Prunus,PRDO,2,29,,,,,,,,,,
RUF199_T008,RUF199,single_household,Malus domestica,Malus domestica,Malus,MADO,3,19.9,,,,,,,,,,
RUF199_T009,RUF199,single_household,Prunus domestica,Prunus domestica,Prunus,PRDO,1,22.7,,,,,,,,,,
RUF199_T010,RUF199,single_household,Malus domestica,Malus domestica,Malus,MADO,1,36.9,,,,,,,,,,
RUF199_T011,RUF199,single_household,Picea pungens 'Glauca',Picea pungens,Picea,PIPU,1,47.3,,,,,,,,,,
RUF199_T012,RUF199,single_household,Malus domestica,Malus domestica,Malus,MADO,1,31.3,,,,,,,,,,
RUF199_T013,RUF199,single_household,Malus domestica,Malus domestica,Malus,MADO,5,19.7,,,,,,,,,,
RUF199_T014,RUF199,single_household,Thuja occidentalis,Thuja occidentalis,Thuja,THOC,2,9.8,,,,,,,,,,
RUF199_T015,RUF199,single_household,Cercis siliquastrum,Cercis siliquastrum,Cercis,CESI2,1,10.7,,,,,,,,,,
RUF199_T016,RUF199,single_household,Thuja occidentalis,Thuja occidentalis,Thuja,THOC,1,11.8,,,,,,,,,,
RUF199_T017,RUF199,single_household,Prunus cerasifera,Prunus cerasifera,Prunus,PRCE,4,28.6,,,,,,,,,,
RUF199_T018,RUF199,single_household,Prunus cerasifera,Prunus cerasifera,Prunus,PRCE,3,27.3,,,,,,,,,,
RUF200_T001,RUF200,single_household,Malus domestica,Malus domestica,Malus,MADO,1,29.2,,,,,,,,,,
RUF200_T002,RUF200,single_household,Malus domestica,Malus domestica,Malus,MADO,2,26.7,,,,,,,,,,
RUF200_T003,RUF200,single_household,Malus domestica,Malus domestica,Malus,MADO,3,33.5,,,,,,,,,,
RUF200_T004,RUF200,single_household,Malus domestica,Malus domestica,Malus,MADO,2,12.9,,,,,,,,,,
RUF200_T005,RUF200,single_household,Picea glauca,Picea glauca,Picea,PIGL1,1,33.9,,,,,,,,,,
RUF200_T006,RUF200,single_household,Malus domestica,Malus domestica,Malus,MADO,3,24.3,,,,,,,,,,
RUF201_T001,RUF201,single_household,Thuja occidentalis,Thuja occidentalis,Thuja,THOC,2,12,,,,,,,,,,
RUF201_T002,RUF201,single_household,Thuja occidentalis,Thuja occidentalis,Thuja,THOC,1,14.3,,,,,,,,,,
RUF201_T003,RUF201,single_household,Taxus baccata,Taxus baccata,Taxus,TABA,1,15.8,,,,,,,,,,
RUF201_T004,RUF201,single_household,Taxus baccata,Taxus baccata,Taxus,TABA,4,24.4,,,,,,,,,,
RUF201_T005,RUF201,single_household,Taxus baccata,Taxus baccata,Taxus,TABA,5,22.3,,,,,,,,,,
RUF201_T006,RUF201,single_household,Crataegus laevigata,Crataegus laevigata,Crataegus,CRLA80,1,14.3,,,,,,,,,,
RUF201_T007,RUF201,single_household,Euonymus europaeus,Euonymus europaeus,Euonymus,EUEU,2,7.7,,,,,,,,,,
RUF201_T008,RUF201,single_household,Crataegus laevigata,Crataegus laevigata,Crataegus,CRLA80,1,6.5,,,,,,,,,,
RUF201_T009,RUF201,single_household,Syringa vulgaris,Syringa vulgaris,Syringa,SYVU,3,23.5,,,,,,,,,,
RUF201_T010,RUF201,single_household,Thuja occidentalis,Thuja occidentalis,Thuja,THOC,1,5.8,,,,,,,,,,
RUF201_T011,RUF201,single_household,Thuja occidentalis,Thuja occidentalis,Thuja,THOC,1,7.6,,,,,,,,,,
RUF201_T012,RUF201,single_household,Thuja occidentalis,Thuja occidentalis,Thuja,THOC,1,5.9,,,,,,,,,,
RUF201_T013,RUF201,single_household,Thuja occidentalis,Thuja occidentalis,Thuja,THOC,1,5.6,,,,,,,,,,
RUF201_T014,RUF201,single_household,Sambucus nigra,Sambucus nigra,Sambucus,SANI4,3,11.4,,,,,,,,,,
RUF201_T015,RUF201,single_household,Taxus baccata,Taxus baccata,Taxus,TABA,1,10.9,,,,,,,,,,
RUF201_T016,RUF201,single_household,Thuja occidentalis,Thuja occidentalis,Thuja,THOC,4,27.4,,,,,,,,,,
RUF206_T001,RUF206,single_household,Malus domestica,Malus domestica,Malus,MADO,1,28,,,,,,,,,,
RUF206_T002,RUF206,single_household,Prunus domestica,Prunus domestica,Prunus,PRDO,3,32.7,,,,,,,,,,
RUF206_T003,RUF206,single_household,Malus domestica,Malus domestica,Malus,MADO,2,25.3,,,,,,,,,,
RUF206_T004,RUF206,single_household,Malus domestica,Malus domestica,Malus,MADO,1,14.2,,,,,,,,,,
RUF206_T005,RUF206,single_household,Malus domestica,Malus domestica,Malus,MADO,1,8.7,,,,,,,,,,
RUF206_T006,RUF206,single_household,Actinidia deliciosa,Actinidia deliciosa,Actinidia,ACDE6,1,6.5,,,,,,,,,,
RUF206_T007,RUF206,single_household,Syringa vulgaris,Syringa vulgaris,Syringa,SYVU,2,24.9,,,,,,,,,,
RUF210_T001,RUF210,single_household,Sorbus aucuparia,Sorbus aucuparia,Sorbus,SOAU,1,11.2,,,,,,,,,,
RUF210_T002,RUF210,single_household,Sorbus aucuparia,Sorbus aucuparia,Sorbus,SOAU,1,25,,,,,,,,,,
RUF210_T003,RUF210,single_household,Sorbus aucuparia,Sorbus aucuparia,Sorbus,SOAU,1,23.3,,,,,,,,,,
RUF210_T004,RUF210,single_household,Sorbus aucuparia,Sorbus aucuparia,Sorbus,SOAU,1,18.2,,,,,,,,,,
RUF210_T005,RUF210,single_household,Malus 'John Downie',Malus sp.,Malus,MADO,1,9.8,,,,,,,,,,
RUF210_T006,RUF210,single_household,Prunus cerasifera 'Nigra',Prunus cerasifera,Prunus,PRCE2,3,15.9,,,,,,,,,,
RUF210_T007,RUF210,single_household,Malus domestica,Malus domestica,Malus,MADO,4,25.8,,,,,,,,,,
RUF210_T008,RUF210,single_household,Malus domestica,Malus domestica,Malus,MADO,5,25.6,,,,,,,,,,
RUF210_T009,RUF210,single_household,Malus domestica,Malus domestica,Malus,MADO,2,21.3,,,,,,,,,,
RUF210_T010,RUF210,single_household,Sambucus nigra,Sambucus nigra,Sambucus,SANI4,2,11.9,,,,,,,,,,
RUF210_T011,RUF210,single_household,Rhus typhina,Rhus typhina,Rhus,RHSP,1,6,,,,,,,,,,
RUF210_T012,RUF210,single_household,Taxus baccata,Taxus baccata,Taxus,TABA,1,6.7,,,,,,,,,,
RUF210_T013,RUF210,single_household,Prunus padus,Prunus padus,Prunus,PRPA,1,21.1,,,,,,,,,,
RUF210_T014,RUF210,single_household,Thuja occidentalis,Thuja occidentalis,Thuja,THOC,1,18.2,,,,,,,,,,
RUF210_T015,RUF210,single_household,Corylus avellana 'Contorta',Corylus avellana,Corylus,COAV,1,6.4,,,,,,,,,,
RUF210_T016,RUF210,single_household,Thuja occidentalis,Thuja occidentalis,Thuja,THOC,1,19.3,,,,,,,,,,
RUF210_T017,RUF210,single_household,Thuja occidentalis,Thuja occidentalis,Thuja,THOC,2,17.7,,,,,,,,,,
RUF210_T018,RUF210,single_household,Thuja occidentalis,Thuja occidentalis,Thuja,THOC,1,6.4,,,,,,,,,,
RUF211_T001,RUF211,single_household,Malus domestica,Malus domestica,Malus,MADO,2,27.5,,,,,,,,,,
RUF211_T002,RUF211,single_household,Prunus domestica,Prunus domestica,Prunus,PRDO,2,29.2,,,,,,,,,,
RUF211_T003,RUF211,single_household,Juniperus chinensis,Juniperus chinensis,Juniperus,JUCH,2,9.2,,,,,,,,,,
RUF211_T004,RUF211,single_household,Malus domestica,Malus domestica,Malus,MADO,1,37.4,,,,,,,,,,
RUF211_T005,RUF211,single_household,Aesculus hippocastanum,Aesculus hippocastanum,Aesculus,AEHI,1,23.2,,,,,,,,,,
RUF211_T006,RUF211,single_household,Syringa vulgaris,Syringa vulgaris,Syringa,SYVU,1,27.2,,,,,,,,,,
RUF215_T001,RUF215,single_household,Prunus domestica,Prunus domestica,Prunus,PRDO,1,32.9,,,,,,,,,,
RUF215_T002,RUF215,single_household,Malus domestica,Malus domestica,Malus,MADO,1,33,,,,,,,,,,
RUF215_T003,RUF215,single_household,Malus domestica,Malus domestica,Malus,MADO,1,14.2,,,,,,,,,,
RUF215_T004,RUF215,single_household,Malus domestica,Malus domestica,Malus,MADO,1,21.8,,,,,,,,,,
RUF215_T005,RUF215,single_household,Prunus domestica,Prunus domestica,Prunus,PRDO,1,23.2,,,,,,,,,,
RUF215_T006,RUF215,single_household,Prunus domestica,Prunus domestica,Prunus,PRDO,1,30.2,,,,,,,,,,
RUF215_T007,RUF215,single_household,Picea abies,Picea abies,Picea,PIAB,1,20.1,,,,,,,,,,
RUF216_T001,RUF216,multi_household,,Prunus avium,Prunus,PRAV,1,19.5,7.5,2.0999999,6,5.5,3,0,0,FALSE,2.3,50
RUF217_T001,RUF217,single_household,Malus domestica,Malus domestica,Malus,MADO,1,18.3,,,,,,,,,,
RUF217_T002,RUF217,single_household,Malus domestica,Malus domestica,Malus,MADO,3,22.8,,,,,,,,,,
RUF217_T003,RUF217,single_household,Thuja occidentalis,Thuja occidentalis,Thuja,THOC,1,13.4,,,,,,,,,,
RUF217_T004,RUF217,single_household,Betula pendula 'Youngii',Betula pendula,Betula,BEPE,1,9.3,,,,,,,,,,
RUF217_T005,RUF217,single_household,Thuja occidentalis,Thuja occidentalis,Thuja,THOC,2,14.1,,,,,,,,,,
RUF217_T006,RUF217,single_household,Picea abies,Picea abies,Picea,PIAB,1,21.7,,,,,,,,,,
RUF217_T007,RUF217,single_household,Pinus sylvestris,Pinus sylvestris,Pinus,PISY,3,28.3,,,,,,,,,,
RUF217_T008,RUF217,single_household,Sambucus nigra,Sambucus nigra,Sambucus,SANI4,1,7.1,,,,,,,,,,
RUF217_T009,RUF217,single_household,Thuja occidentalis,Thuja occidentalis,Thuja,THOC,1,13.2,,,,,,,,,,
RUF217_T010,RUF217,single_household,Thuja occidentalis,Thuja occidentalis,Thuja,THOC,1,26.4,,,,,,,,,,
RUF217_T011,RUF217,single_household,Prunus Sato-zakura-Gruppen,Prunus sp.,Prunus,PRSE2,1,5.7,,,,,,,,,,
RUF217_T012,RUF217,single_household,Thuja occidentalis,Thuja occidentalis,Thuja,THOC,1,27.4,,,,,,,,,,
RUF217_T013,RUF217,single_household,Thuja occidentalis,Thuja occidentalis,Thuja,THOC,2,20,,,,,,,,,,
RUF218_T001,RUF218,single_household,Cercidiphyllum japonicum,Cercidiphyllum japonicum,Cercidiphyllum,CEJA,2,8.3,,,,,,,,,,
RUF218_T002,RUF218,single_household,Malus 'John Downie',Malus sp.,Malus,MADO,1,22.1,,,,,,,,,,
RUF218_T003,RUF218,single_household,Crataegus laevigata,Crataegus laevigata,Crataegus,CRLA80,3,16.8,,,,,,,,,,
RUF218_T004,RUF218,single_household,Crataegus laevigata,Crataegus laevigata,Crataegus,CRLA80,2,21.4,,,,,,,,,,
RUF218_T005,RUF218,single_household,Betula pendula,Betula pendula,Betula,BEPE,1,17.6,,,,,,,,,,
RUF218_T006,RUF218,single_household,Laburnum anagyroides,Laburnum anagyroides,Laburnum,LAAN2,2,36.7,,,,,,,,,,
RUF218_T007,RUF218,single_household,Viburnum lantana,Viburnum lantana,Viburnum,VILA,1,6.8,,,,,,,,,,
RUF218_T008,RUF218,single_household,Prunus avium,Prunus avium,Prunus,PRAV,1,22.8,,,,,,,,,,
RUF218_T009,RUF218,single_household,Cornus sanguinea,Cornus sanguinea,Cornus,COSA81,1,5.8,,,,,,,,,,
RUF218_T010,RUF218,single_household,Prunus avium,Prunus avium,Prunus,PRAV,5,25,,,,,,,,,,
RUF219_T001,RUF219,single_household,Prunus domestica,Prunus domestica,Prunus,PRDO,2,17,,,,,,,,,,
RUF219_T002,RUF219,single_household,Prunus domestica,Prunus domestica,Prunus,PRDO,4,18.6,,,,,,,,,,
RUF219_T003,RUF219,single_household,Malus domestica,Malus domestica,Malus,MADO,2,9.9,,,,,,,,,,
RUF219_T004,RUF219,single_household,Wisteria sinensis,Wisteria sinensis,Wisteria,WISI,2,9.7,,,,,,,,,,
RUF220_T001,RUF220,multi_household,,Acer campestre,Acer,ACCA,1,7,4.5999999,1.7,2.9000001,2.8,5,0,0,FALSE,1,326
RUF221_T001,RUF221,single_household,Juglans regia,Juglans regia,Juglans,JURE,1,27.7,,,,,,,,,,
RUF221_T002,RUF221,single_household,Prunus cerasifera 'Nigra',Prunus cerasifera,Prunus,PRCE2,1,16,,,,,,,,,,
RUF221_T003,RUF221,single_household,Syringa vulgaris,Syringa vulgaris,Syringa,SYVU,2,9.4,,,,,,,,,,
RUF221_T004,RUF221,single_household,Syringa vulgaris,Syringa vulgaris,Syringa,SYVU,1,14.7,,,,,,,,,,
RUF221_T005,RUF221,single_household,Syringa vulgaris,Syringa vulgaris,Syringa,SYVU,1,12.8,,,,,,,,,,
RUF221_T006,RUF221,single_household,Syringa vulgaris,Syringa vulgaris,Syringa,SYVU,1,10.4,,,,,,,,,,
RUF221_T007,RUF221,single_household,Syringa vulgaris,Syringa vulgaris,Syringa,SYVU,2,12.9,,,,,,,,,,
RUF221_T008,RUF221,single_household,Ilex aquifolium,Ilex aquifolium,Ilex,ILAQ,4,21.4,,,,,,,,,,
RUF221_T009,RUF221,single_household,Prunus avium,Prunus avium,Prunus,PRAV,1,11.3,,,,,,,,,,
RUF221_T010,RUF221,single_household,Prunus avium,Prunus avium,Prunus,PRAV,1,6.7,,,,,,,,,,
RUF221_T011,RUF221,single_household,Prunus avium,Prunus avium,Prunus,PRAV,2,11,,,,,,,,,,
RUF221_T012,RUF221,single_household,Prunus padus,Prunus padus,Prunus,PRPA,2,18,,,,,,,,,,
RUF221_T013,RUF221,single_household,Prunus padus,Prunus padus,Prunus,PRPA,1,6.5,,,,,,,,,,
RUF221_T014,RUF221,single_household,Prunus padus,Prunus padus,Prunus,PRPA,1,12.1,,,,,,,,,,
RUF221_T015,RUF221,single_household,Prunus padus,Prunus padus,Prunus,PRPA,1,6.8,,,,,,,,,,
RUF221_T016,RUF221,single_household,Prunus padus,Prunus padus,Prunus,PRPA,1,13,,,,,,,,,,
RUF221_T017,RUF221,single_household,Prunus padus,Prunus padus,Prunus,PRPA,1,16,,,,,,,,,,
RUF221_T018,RUF221,single_household,Prunus padus,Prunus padus,Prunus,PRPA,1,15.1,,,,,,,,,,
RUF221_T019,RUF221,single_household,Prunus padus,Prunus padus,Prunus,PRPA,1,9.5,,,,,,,,,,
RUF221_T020,RUF221,single_household,Prunus padus,Prunus padus,Prunus,PRPA,1,6.4,,,,,,,,,,
RUF221_T021,RUF221,single_household,Laburnum,Laburnum sp.,Laburnum,LAAN2,1,8,,,,,,,,,,
RUF221_T022,RUF221,single_household,Laburnum,Laburnum sp.,Laburnum,LAAN2,4,11.2,,,,,,,,,,
RUF221_T023,RUF221,single_household,Malus domestica,Malus domestica,Malus,MADO,2,26.5,,,,,,,,,,
RUF221_T024,RUF221,single_household,Malus domestica,Malus domestica,Malus,MADO,1,23.9,,,,,,,,,,
RUF221_T025,RUF221,single_household,Sambucus nigra,Sambucus nigra,Sambucus,SANI4,1,7,,,,,,,,,,
RUF221_T026,RUF221,single_household,Sambucus nigra,Sambucus nigra,Sambucus,SANI4,1,6.4,,,,,,,,,,
RUF221_T027,RUF221,single_household,Prunus domestica,Prunus domestica,Prunus,PRDO,1,22.9,,,,,,,,,,
RUF221_T028,RUF221,single_household,Prunus domestica,Prunus domestica,Prunus,PRDO,2,8.4,,,,,,,,,,
RUF221_T029,RUF221,single_household,Prunus domestica,Prunus domestica,Prunus,PRDO,2,11.2,,,,,,,,,,
RUF221_T030,RUF221,single_household,Malus domestica,Malus domestica,Malus,MADO,1,26.5,,,,,,,,,,
RUF221_T031,RUF221,single_household,Malus domestica,Malus domestica,Malus,MADO,1,20.2,,,,,,,,,,
RUF221_T032,RUF221,single_household,Prunus laurocerasus,Prunus laurocerasus,Prunus,PRLA,5,19.9,,,,,,,,,,
RUF221_T033,RUF221,single_household,Taxus baccata,Taxus baccata,Taxus,TABA,3,33,,,,,,,,,,
RUF221_T034,RUF221,single_household,Prunus cerasifera 'Nigra',Prunus cerasifera,Prunus,PRCE2,2,25.4,,,,,,,,,,
RUF221_T035,RUF221,single_household,Prunus cerasifera 'Nigra',Prunus cerasifera,Prunus,PRCE2,1,19.6,,,,,,,,,,
RUF223_T001,RUF223,single_household,Malus domestica,Malus domestica,Malus,MADO,4,17.4,,,,,,,,,,
RUF223_T002,RUF223,single_household,Sorbus ulleungensis 'Dodong',Sorbus ulleungensis,Sorbus,SO,1,14.4,,,,,,,,,,
RUF223_T003,RUF223,single_household,Wisteria sinensis,Wisteria sinensis,Wisteria,WISI,2,8.9,,,,,,,,,,
RUF223_T004,RUF223,single_household,Wisteria sinensis,Wisteria sinensis,Wisteria,WISI,1,8.4,,,,,,,,,,
RUF223_T005,RUF223,single_household,Wisteria sinensis,Wisteria sinensis,Wisteria,WISI,2,10,,,,,,,,,,
RUF223_T006,RUF223,single_household,Robinia pseudoacacia,Robinia pseudoacacia,Robinia,ROPS,1,31.7,,,,,,,,,,
RUF223_T007,RUF223,single_household,Thuja occidentalis,Thuja occidentalis,Thuja,THOC,1,39,,,,,,,,,,
RUF223_T008,RUF223,single_household,Prunus domestica,Prunus domestica,Prunus,PRDO,1,14.4,,,,,,,,,,
RUF223_T009,RUF223,single_household,Pyrus communis,Pyrus communis,Pyrus,PYCO,1,9,,,,,,,,,,
RUF223_T010,RUF223,single_household,Malus domestica,Malus domestica,Malus,MADO,1,13.1,,,,,,,,,,
RUF223_T011,RUF223,single_household,Salix caprea,Salix caprea,Salix,SACA4,1,5.4,,,,,,,,,,
RUF223_T012,RUF223,single_household,Gleditsia triacanthos,Gleditsia triacanthos,Gleditsia,GLTR,1,14,,,,,,,,,,
RUF223_T013,RUF223,single_household,Malus domestica,Malus domestica,Malus,MADO,1,12.1,,,,,,,,,,
RUF223_T014,RUF223,single_household,Thuja occidentalis,Thuja occidentalis,Thuja,THOC,1,9.4,,,,,,,,,,
RUF223_T015,RUF223,single_household,Thuja occidentalis,Thuja occidentalis,Thuja,THOC,1,13.6,,,,,,,,,,
RUF223_T016,RUF223,single_household,Thuja occidentalis,Thuja occidentalis,Thuja,THOC,1,16.1,,,,,,,,,,
RUF223_T017,RUF223,single_household,Malus domestica,Malus domestica,Malus,MADO,2,15.4,,,,,,,,,,
RUF223_T018,RUF223,single_household,Syringa vulgaris,Syringa vulgaris,Syringa,SYVU,2,9,,,,,,,,,,
RUF223_T019,RUF223,single_household,Syringa vulgaris,Syringa vulgaris,Syringa,SYVU,2,8.5,,,,,,,,,,
RUF224_T001,RUF224,single_household,Malus domestica,Malus domestica,Malus,MADO,2,18.6,,,,,,,,,,
RUF224_T002,RUF224,single_household,Laburnum,Laburnum sp.,Laburnum,LAAN2,2,9.2,,,,,,,,,,
RUF226_T001,RUF226,multi_household,,Prunus avium,Prunus,PRAV,1,22,6.8000002,1.6,5.5,6.0999999,5,13,0,FALSE,2.5999999,179
